,Unnamed: 0,Proud,Participantsex,Levelofeducation,Ashamed,Skilful,Envious,Desprecio,Goodnatured,Inspired,Uneasy,Hateful,Leadersex,Jealous,Frustrated,Maritalstatus,Warm,Capable,Competent,Resentful,Wellintentioned,Assessmentleader,Simpaty,Friendly,Molestia,Disgusted,Pity,Intelligent,Admiring,Age,Respectful,Confident,Trustworthy,Replacementleader,Typeofcompany,Angry,Responsaatribu,Sincere,Efficient,Group1(Competent),Group2(Friendly),Group3(Hateful),Group4(Admiring),Group5(Jealous),Group6(Uneasy)
0,0,1,1,1,1,4,1,1,1,1,1,1,1,1,1,2,1,4,4,1,1,6,1,1,1,1,1,2,1,53,1,4,1,4,1,1,5,1,4,4.0,1.0,1.0,1.0,1.0,1.0
1,1,1,1,4,1,5,1,1,1,1,1,1,1,1,1,1,1,5,4,1,2,6,2,2,1,1,1,5,1,39,1,4,3,1,1,1,6,2,6,5.0,2.0,1.0,1.0,1.0,2.0
2,2,1,1,3,1,3,1,1,3,1,1,1,1,1,1,1,3,3,3,1,3,5,1,3,1,1,1,3,1,24,1,3,3,2,1,1,4,3,3,3.0,3.0,1.0,1.0,1.0,1.0
3,3,1,1,3,1,3,1,1,3,1,1,1,1,1,1,1,3,4,4,1,3,5,1,3,1,1,1,3,1,24,1,3,3,3,1,1,4,3,4,4.0,3.0,1.0,1.0,1.0,1.0
4,4,1,2,1,1,3,1,1,4,1,1,1,1,1,1,2,1,3,3,1,4,4,1,4,1,1,1,3,2,48,1,3,2,3,1,1,3,2,3,3.0,3.0,1.0,1.0,1.0,1.0
5,5,1,2,3,1,3,1,1,1,1,1,1,1,1,1,2,1,3,3,1,1,6,1,2,1,1,1,3,1,45,3,3,2,1,1,1,6,1,4,3.0,1.0,1.0,2.0,1.0,1.0
6,6,1,1,3,1,3,1,1,2,1,1,1,1,1,1,4,2,4,4,1,2,6,1,2,1,1,1,3,2,50,2,4,2,4,1,1,5,2,4,4.0,2.0,1.0,2.0,1.0,1.0
7,7,1,1,3,1,4,1,1,1,2,1,1,1,1,1,2,1,5,5,1,4,6,2,2,1,1,1,4,1,49,2,4,3,4,1,1,6,1,5,4.0,2.0,1.0,2.0,1.0,2.0
8,8,1,2,1,1,4,1,1,3,1,1,1,1,1,1,1,3,3,4,1,3,5,2,3,1,1,1,4,2,40,2,4,3,4,1,1,6,3,4,4.0,3.0,1.0,2.0,1.0,2.0
9,9,1,1,4,1,4,1,1,3,1,1,1,1,1,1,2,3,4,4,1,3,5,1,3,1,1,1,4,2,42,2,4,3,2,1,1,5,3,4,4.0,3.0,1.0,2.0,1.0,1.0
10,10,1,1,3,1,3,1,1,2,2,1,1,1,1,1,2,2,3,3,1,2,5,2,2,1,1,1,2,2,42,2,3,2,4,1,1,4,2,3,3.0,2.0,1.0,2.0,1.0,2.0
11,11,1,2,2,1,3,1,1,2,2,2,1,1,1,1,1,2,3,3,1,3,5,2,2,1,1,1,3,1,43,2,3,2,3,1,1,4,2,3,3.0,2.0,1.0,2.0,1.0,2.0
12,12,1,2,5,1,3,1,1,2,1,1,1,1,1,1,1,2,3,3,1,3,3,1,3,1,1,1,4,2,30,3,3,2,2,1,1,3,2,3,3.0,2.0,1.0,2.0,1.0,1.0
13,13,1,1,3,1,4,1,1,2,2,1,1,1,1,1,2,2,4,4,1,3,4,3,2,1,1,1,3,2,47,2,3,3,2,1,1,4,2,3,4.0,2.0,1.0,2.0,1.0,2.0
14,14,2,2,2,1,2,1,1,3,1,2,1,1,1,1,2,2,3,2,1,3,5,2,2,1,1,1,2,1,39,2,3,2,5,1,1,3,3,2,2.0,2.0,1.0,2.0,1.0,2.0
15,15,2,2,0,1,2,1,1,3,1,2,1,1,1,1,2,2,3,2,1,3,5,2,2,1,1,1,2,1,39,2,3,2,5,1,1,3,3,2,2.0,2.0,1.0,2.0,1.0,2.0
16,16,1,2,1,1,4,1,1,3,2,1,1,1,1,1,4,3,4,3,1,3,6,1,2,1,1,1,4,2,49,2,5,3,1,1,1,6,3,4,4.0,3.0,1.0,2.0,1.0,1.0
17,17,2,2,3,1,4,1,1,2,2,1,1,1,1,1,2,1,4,4,1,2,5,1,2,1,1,1,3,2,47,2,4,2,4,1,1,4,2,4,4.0,2.0,1.0,2.0,1.0,1.0
18,18,1,2,3,1,3,1,1,2,2,2,1,1,1,1,1,1,1,3,1,3,5,2,3,1,1,1,3,2,37,2,4,2,4,1,1,4,2,3,3.0,2.0,1.0,2.0,1.0,2.0
19,19,1,1,2,1,3,1,1,2,2,2,1,1,1,1,2,2,4,3,1,2,4,2,3,1,1,1,3,2,40,2,4,2,3,1,1,4,2,3,3.0,2.0,1.0,2.0,1.0,2.0
20,20,1,2,2,1,4,1,1,2,2,2,1,1,1,1,2,2,3,3,1,3,6,2,2,1,1,1,5,2,46,2,3,3,2,1,1,5,3,4,4.0,2.0,1.0,2.0,1.0,2.0
21,21,1,2,2,1,4,1,1,2,2,1,1,1,1,1,1,2,4,4,1,4,5,2,2,1,1,1,4,2,27,3,5,3,2,1,1,5,3,4,4.0,3.0,1.0,2.0,1.0,2.0
22,22,1,1,5,1,4,1,1,2,1,2,1,1,1,1,2,3,4,4,1,4,4,3,2,1,1,1,4,3,46,2,3,4,3,1,1,4,4,3,4.0,3.0,1.0,2.0,1.0,2.0
23,23,1,2,2,1,4,1,1,2,2,1,1,1,1,1,2,2,4,4,1,2,5,1,3,1,1,1,4,3,41,3,5,2,1,1,1,4,2,4,4.0,2.0,1.0,2.0,1.0,1.0
24,24,2,1,4,1,4,1,1,2,2,1,1,1,1,1,2,2,3,4,1,3,5,2,1,1,1,1,3,2,41,3,4,3,3,1,1,5,3,4,4.0,2.0,1.0,2.0,1.0,2.0
25,25,1,2,2,1,3,1,1,2,2,2,1,1,1,1,2,2,3,3,1,3,4,2,3,1,1,1,4,3,35,2,3,3,2,1,1,3,2,4,3.0,2.0,1.0,2.0,1.0,2.0
26,26,1,2,3,1,4,1,1,3,3,2,1,1,1,1,2,2,3,3,1,3,6,2,3,1,1,1,4,1,36,3,3,3,3,1,1,6,3,3,3.0,3.0,1.0,2.0,1.0,2.0
27,27,2,2,1,1,3,1,1,3,2,2,1,1,1,1,4,3,3,3,1,3,4,2,3,1,1,1,3,2,50,2,3,3,2,1,1,4,3,3,3.0,3.0,1.0,2.0,1.0,2.0
28,28,1,2,5,1,4,1,1,3,3,1,1,1,1,1,2,3,4,5,1,3,4,1,3,1,1,1,4,1,41,4,5,3,1,1,1,6,3,5,4.0,3.0,1.0,2.0,1.0,1.0
29,29,1,2,5,1,4,1,1,3,3,1,1,1,1,1,2,3,4,5,1,3,4,1,3,1,1,1,4,1,41,4,5,3,1,1,1,6,3,5,4.0,3.0,1.0,2.0,1.0,1.0
30,30,1,1,4,1,5,1,1,3,1,3,1,1,1,1,1,2,3,4,1,4,6,2,3,1,1,1,3,3,55,2,4,5,1,1,1,6,4,5,4.0,4.0,1.0,2.0,1.0,2.0
31,31,2,2,4,1,4,1,1,4,2,1,1,1,1,1,4,4,4,4,1,3,4,2,4,1,1,1,4,2,50,3,4,4,1,1,1,4,4,4,4.0,4.0,1.0,2.0,1.0,2.0
32,32,1,2,1,1,4,1,1,2,3,1,1,1,1,1,2,2,4,4,1,2,5,2,2,1,1,1,4,3,46,3,4,3,3,1,1,5,2,5,4.0,2.0,1.0,2.0,1.0,2.0
33,33,1,1,4,1,5,1,1,3,3,1,1,1,1,1,1,2,5,5,1,3,6,2,3,1,1,1,5,3,36,3,5,3,2,1,1,6,3,5,5.0,3.0,1.0,2.0,1.0,2.0
34,34,2,1,4,1,4,1,1,3,2,2,1,1,1,1,2,3,5,5,1,3,5,2,3,1,1,1,3,2,53,3,4,3,3,1,1,4,3,5,4.0,3.0,1.0,2.0,1.0,2.0
35,35,1,1,4,1,5,1,1,3,3,1,1,1,1,1,1,3,5,5,1,4,6,1,3,1,1,1,5,3,23,3,3,3,3,1,1,5,3,5,5.0,3.0,1.0,2.0,1.0,1.0
36,36,3,2,4,1,3,1,1,3,1,1,1,1,1,1,2,3,3,3,1,3,4,3,4,1,1,1,4,3,37,3,3,4,2,1,1,4,3,3,3.0,3.0,1.0,2.0,1.0,2.0
37,37,1,1,4,1,6,1,1,5,4,1,1,1,1,1,2,5,6,3,1,6,6,4,6,1,1,1,6,4,29,1,6,6,1,1,1,5,5,5,5.0,6.0,1.0,2.0,1.0,2.0
38,38,2,2,4,1,4,1,1,2,2,2,1,1,1,1,2,2,3,3,1,2,5,2,2,1,1,1,3,3,41,3,3,2,3,1,1,4,2,3,3.0,2.0,1.0,2.0,1.0,2.0
39,39,1,1,1,1,3,1,1,2,3,2,1,1,1,1,1,2,3,3,1,3,5,3,3,1,1,1,3,3,41,3,3,3,3,1,1,5,2,3,3.0,2.0,1.0,2.0,1.0,2.0
40,40,1,2,3,1,4,1,1,3,3,2,1,1,1,1,2,3,4,5,1,4,5,3,3,1,1,1,4,3,48,3,4,4,3,1,1,5,3,5,4.0,3.0,1.0,2.0,1.0,2.0
41,41,1,2,1,1,5,1,1,2,4,1,1,1,1,1,2,2,4,4,1,3,4,2,2,1,1,1,5,4,38,3,3,2,3,1,1,3,4,4,4.0,2.0,1.0,3.0,1.0,2.0
42,42,1,1,2,1,4,1,1,3,3,2,1,1,1,1,2,2,4,3,1,3,5,2,2,1,1,1,3,4,65,3,5,3,1,1,1,6,3,3,4.0,3.0,1.0,3.0,1.0,2.0
43,43,2,2,4,1,4,1,1,3,3,2,1,1,1,1,2,2,5,4,1,3,5,3,3,1,1,1,4,3,44,3,4,3,1,1,1,5,2,5,4.0,3.0,1.0,3.0,1.0,2.0
44,44,2,1,3,1,4,1,1,2,3,2,1,1,1,1,2,2,3,4,1,3,4,3,3,1,1,1,4,3,47,3,3,4,1,1,1,6,3,4,4.0,3.0,1.0,3.0,1.0,2.0
45,45,2,1,4,1,5,1,1,3,3,2,1,1,1,1,1,3,5,5,1,3,6,2,3,1,1,1,4,3,34,3,4,4,4,1,1,5,3,4,4.0,3.0,1.0,3.0,1.0,2.0
46,46,1,1,4,1,5,1,1,4,2,1,1,1,1,1,0,3,5,5,1,4,6,1,3,1,1,1,4,4,28,5,5,5,1,1,1,5,3,5,5.0,4.0,1.0,3.0,1.0,1.0
47,47,3,2,4,1,4,1,1,3,3,2,1,1,1,1,2,3,4,3,1,3,5,2,3,1,1,1,4,3,37,3,3,3,4,1,1,4,3,4,4.0,3.0,1.0,3.0,1.0,2.0
48,48,1,2,5,1,5,1,1,3,4,1,1,1,1,1,2,3,4,5,1,3,4,1,3,1,1,1,5,4,41,4,5,3,1,1,1,6,3,5,5.0,3.0,1.0,3.0,1.0,1.0
49,49,2,2,2,1,5,1,1,3,2,3,1,1,1,1,1,3,5,4,1,3,5,3,3,1,1,1,4,3,44,4,5,4,3,1,1,5,3,5,5.0,3.0,1.0,3.0,1.0,3.0
50,50,3,1,4,1,5,1,1,3,2,2,1,1,1,1,1,3,5,6,1,4,6,1,3,1,1,1,3,4,26,3,5,4,1,1,1,5,3,6,5.0,3.0,1.0,3.0,1.0,2.0
51,51,2,1,1,1,3,1,1,3,4,2,1,1,1,1,1,3,4,4,1,3,5,2,3,1,1,1,4,4,30,3,5,3,3,1,1,4,3,3,4.0,3.0,1.0,3.0,1.0,2.0
52,52,2,1,3,1,5,1,1,4,4,2,1,1,1,1,2,3,5,5,1,4,6,3,3,1,1,1,5,3,49,4,5,5,2,1,1,6,3,5,5.0,4.0,1.0,3.0,1.0,2.0
53,53,3,2,4,1,4,1,1,4,3,3,1,1,1,1,1,4,4,5,1,5,6,3,5,1,1,1,4,3,48,3,4,4,4,1,1,4,4,4,4.0,4.0,1.0,3.0,1.0,3.0
54,54,3,1,2,1,5,1,1,2,4,2,1,1,1,1,4,2,4,5,1,3,5,3,3,1,1,1,3,3,50,4,3,4,4,1,1,4,2,4,4.0,3.0,1.0,4.0,1.0,2.0
55,55,4,2,4,1,4,1,1,2,3,1,1,1,1,1,1,2,4,5,1,4,6,2,4,1,1,1,5,4,32,4,5,4,3,1,1,5,2,5,5.0,3.0,1.0,4.0,1.0,2.0
56,56,1,2,4,1,3,1,1,3,4,2,1,1,1,1,2,3,3,4,1,3,5,3,3,1,1,1,4,4,40,5,3,4,3,1,1,3,3,5,4.0,3.0,1.0,4.0,1.0,2.0
57,57,3,2,4,1,5,1,1,3,3,3,1,1,1,1,2,3,5,4,1,3,5,3,3,1,1,1,4,3,27,4,4,4,3,1,1,5,3,4,4.0,3.0,1.0,3.0,1.0,3.0
58,58,4,2,4,1,4,1,1,4,4,2,1,1,1,1,2,4,4,4,1,4,5,3,4,1,1,1,4,3,42,4,5,4,5,1,1,5,4,4,4.0,4.0,1.0,4.0,1.0,2.0
59,59,4,2,3,1,4,1,1,2,4,3,1,1,1,1,2,2,4,4,1,3,5,3,3,1,1,1,4,4,52,3,4,2,3,1,1,4,2,4,4.0,2.0,1.0,4.0,1.0,3.0
60,60,4,2,4,1,4,1,1,2,4,3,1,1,1,1,2,2,4,4,1,3,4,4,3,1,1,1,4,4,50,3,4,3,3,1,1,4,2,4,4.0,2.0,1.0,4.0,1.0,4.0
61,61,4,2,3,1,4,1,1,3,3,3,1,1,1,1,2,3,4,4,1,4,5,3,3,1,1,1,4,4,43,4,4,4,1,1,1,6,3,4,4.0,3.0,1.0,4.0,1.0,3.0
62,62,3,1,5,1,6,1,1,3,3,1,1,1,1,1,2,3,3,6,1,3,6,1,3,1,1,1,4,5,44,6,6,6,1,1,1,6,3,6,5.0,4.0,1.0,4.0,1.0,1.0
63,63,3,1,5,1,6,1,1,3,3,1,1,1,1,1,2,3,3,6,1,3,6,1,3,1,1,1,4,5,44,6,6,6,1,1,1,6,3,6,5.0,4.0,1.0,4.0,1.0,1.0
64,64,3,2,4,1,6,1,1,3,3,2,1,1,1,1,1,3,5,5,1,4,6,3,3,1,1,1,6,5,44,5,5,5,2,1,1,6,4,5,5.0,4.0,1.0,4.0,1.0,2.0
65,65,3,2,5,1,5,1,1,4,4,2,1,1,1,1,2,4,5,5,1,5,5,2,5,1,1,1,5,5,39,4,5,5,2,1,1,6,5,5,5.0,5.0,1.0,4.0,1.0,2.0
66,66,3,2,4,1,4,1,1,2,5,1,1,1,1,1,1,2,5,5,1,2,5,1,2,1,1,1,3,5,34,5,4,2,2,1,1,4,2,3,4.0,2.0,1.0,4.0,1.0,1.0
67,67,4,1,3,1,5,1,1,3,4,3,1,1,1,1,2,3,5,4,1,3,6,4,3,1,1,1,5,4,51,4,5,3,4,1,1,5,3,5,5.0,3.0,1.0,4.0,1.0,4.0
68,68,3,1,1,1,5,1,1,3,4,3,1,1,1,1,2,3,6,5,1,5,6,3,3,1,1,1,6,5,64,4,5,4,2,1,1,6,3,5,5.0,4.0,1.0,4.0,1.0,3.0
69,69,5,1,4,1,3,1,1,3,3,3,1,1,1,1,1,3,4,4,1,6,5,5,4,1,1,1,3,4,47,4,5,5,3,1,1,6,4,4,4.0,4.0,1.0,4.0,1.0,4.0
70,70,4,2,2,1,6,1,1,4,3,3,1,1,1,1,1,3,4,5,1,5,6,4,4,1,1,1,5,4,26,5,6,4,1,1,1,6,5,5,5.0,4.0,1.0,4.0,1.0,4.0
71,71,3,2,4,1,4,1,1,3,4,4,1,1,1,1,2,3,3,3,1,3,5,2,4,1,1,1,4,5,40,4,4,3,5,1,1,5,3,4,4.0,3.0,1.0,4.0,1.0,3.0
72,72,4,2,1,1,4,1,1,4,3,4,1,1,1,1,2,4,4,4,1,4,5,4,4,1,1,1,4,4,47,5,4,4,2,1,1,5,4,4,4.0,4.0,1.0,4.0,1.0,4.0
73,73,2,1,2,1,5,1,1,5,5,4,1,1,1,1,1,5,5,3,1,5,3,5,4,1,1,1,5,4,26,5,4,5,5,1,1,2,6,4,4.0,5.0,1.0,4.0,1.0,4.0
74,74,4,2,4,1,6,1,1,2,4,3,1,1,1,1,2,2,5,6,1,4,6,4,3,1,1,1,6,5,46,5,5,5,1,1,1,6,2,5,6.0,3.0,1.0,4.0,1.0,4.0
75,75,4,1,3,1,6,1,1,3,4,3,1,1,1,1,2,3,6,5,1,3,6,4,3,1,1,1,5,5,40,5,6,5,1,1,1,6,5,6,6.0,4.0,1.0,4.0,1.0,4.0
76,76,5,2,3,1,4,1,1,4,3,3,1,1,1,1,2,3,4,4,1,4,6,3,4,1,1,1,4,5,43,5,4,4,1,1,1,5,4,4,4.0,4.0,1.0,4.0,1.0,3.0
77,77,5,2,4,1,5,1,1,4,3,3,1,1,1,1,2,4,3,5,1,4,5,5,4,1,1,1,3,5,32,5,5,5,3,1,1,5,4,5,4.0,4.0,1.0,4.0,1.0,4.0
78,78,5,2,4,1,5,1,1,3,5,5,1,1,1,1,2,3,4,5,1,4,5,4,3,1,1,1,4,5,42,5,5,5,3,1,1,5,3,5,5.0,4.0,1.0,5.0,1.0,4.0
79,79,1,2,5,1,4,2,1,2,1,1,1,1,1,1,1,2,3,4,1,3,6,1,3,1,1,1,3,2,26,2,4,4,1,1,1,5,3,4,4.0,3.0,1.0,2.0,2.0,1.0
80,80,2,2,2,1,5,2,1,2,2,1,1,1,1,1,2,2,5,4,1,3,4,1,3,1,1,1,5,3,41,3,5,3,4,1,1,4,2,5,5.0,2.0,1.0,2.0,2.0,1.0
81,81,2,2,4,1,6,1,1,2,3,1,1,1,2,1,1,2,6,6,1,4,6,1,2,1,1,1,6,3,23,3,6,4,3,1,1,6,3,6,6.0,3.0,1.0,3.0,2.0,1.0
82,82,2,1,2,1,4,2,1,3,3,2,1,1,1,1,1,2,4,3,1,2,6,2,2,1,1,1,5,3,29,3,4,2,3,1,1,5,3,5,4.0,2.0,1.0,3.0,2.0,2.0
83,83,3,2,4,1,3,2,1,3,2,2,1,1,1,1,2,3,3,3,1,3,6,3,3,1,1,1,3,3,41,3,3,3,3,1,1,5,3,3,3.0,3.0,1.0,3.0,2.0,2.0
84,84,3,1,1,1,4,1,1,3,3,2,1,1,2,1,2,3,4,4,1,3,5,3,3,1,1,1,3,3,42,3,4,3,3,1,1,4,3,4,4.0,3.0,1.0,3.0,2.0,2.0
85,85,1,1,3,1,5,2,1,3,4,3,1,1,1,1,1,3,6,5,1,4,6,3,3,1,1,1,5,3,31,4,5,3,3,1,1,5,1,6,5.0,3.0,1.0,3.0,2.0,3.0
86,86,3,2,1,1,3,2,1,2,3,2,1,1,1,1,2,2,4,3,1,4,5,2,3,1,1,1,3,4,29,3,4,3,3,1,1,5,4,4,4.0,3.0,1.0,3.0,2.0,2.0
87,87,2,2,2,1,5,2,1,4,3,2,1,1,1,1,2,4,4,4,1,4,5,3,4,1,1,1,5,5,39,3,4,5,3,1,1,5,4,4,4.0,4.0,1.0,3.0,2.0,2.0
88,88,3,2,3,1,3,2,1,2,4,3,1,1,1,1,0,2,3,4,1,3,5,3,3,1,1,1,3,3,35,3,4,2,3,1,1,5,2,4,4.0,2.0,1.0,3.0,2.0,3.0
89,89,3,1,4,1,5,2,1,2,3,2,1,1,1,1,2,2,5,5,1,2,6,2,5,1,1,1,5,5,45,3,5,4,1,1,1,6,2,5,5.0,3.0,1.0,4.0,2.0,2.0
90,90,4,1,2,1,4,2,1,1,3,2,1,1,1,1,2,1,5,4,1,2,5,2,2,1,1,1,4,4,34,3,5,2,2,1,1,5,1,3,4.0,2.0,1.0,4.0,2.0,2.0
91,91,3,1,1,1,6,2,1,4,4,3,1,1,1,1,2,3,6,6,1,5,5,3,4,1,1,1,6,3,34,4,6,5,2,1,1,6,5,6,6.0,4.0,1.0,4.0,2.0,3.0
92,92,5,2,3,1,3,1,1,2,4,2,1,1,2,1,4,2,5,4,1,3,6,2,3,1,1,1,3,4,47,4,5,3,3,1,1,5,4,5,4.0,3.0,1.0,4.0,2.0,2.0
93,93,2,1,3,1,4,2,1,3,6,4,1,1,1,1,1,3,2,4,1,5,5,5,3,1,1,1,3,5,19,6,5,4,2,1,1,3,3,5,4.0,4.0,1.0,5.0,2.0,4.0
94,94,5,2,1,1,5,1,1,4,5,4,1,1,2,1,4,3,5,5,1,5,6,5,5,1,1,1,5,5,44,4,5,5,3,1,1,6,4,5,5.0,4.0,1.0,5.0,2.0,4.0
95,95,3,2,4,1,4,2,1,2,2,2,1,1,2,1,1,2,3,5,1,2,4,2,3,1,1,1,3,3,35,3,5,2,3,1,1,4,2,3,4.0,2.0,1.0,3.0,2.0,2.0
96,96,2,1,4,1,4,2,1,4,3,1,1,1,2,1,2,2,6,5,1,2,6,2,3,1,1,1,3,3,42,4,3,4,1,1,1,5,3,5,4.0,3.0,1.0,3.0,2.0,2.0
97,97,3,1,5,1,3,2,1,4,2,2,1,1,2,1,0,4,3,3,1,3,5,2,4,1,1,2,3,3,55,3,4,3,2,1,1,5,3,4,3.0,4.0,1.0,3.0,2.0,2.0
98,98,4,1,4,1,6,2,1,2,1,1,1,1,2,1,2,2,6,6,1,3,6,2,2,1,1,1,6,4,52,4,6,3,5,1,1,4,3,6,6.0,2.0,1.0,3.0,2.0,2.0
99,99,3,1,0,1,4,2,1,3,3,3,1,1,2,1,1,2,3,5,1,3,5,2,3,1,1,1,4,4,27,3,5,3,2,1,1,5,2,4,4.0,3.0,1.0,3.0,2.0,2.0
100,100,3,2,4,1,4,2,1,3,4,3,1,1,2,1,2,3,3,4,1,3,5,3,3,1,1,1,3,3,37,3,4,3,2,1,1,5,3,3,4.0,3.0,1.0,3.0,2.0,3.0
101,101,5,1,3,1,6,2,1,4,6,5,1,1,2,1,0,4,6,6,1,5,6,6,4,1,1,1,6,6,33,6,6,6,1,1,1,6,4,6,6.0,4.0,1.0,6.0,2.0,6.0
102,102,2,1,4,1,5,2,1,2,4,2,1,1,3,1,4,2,5,5,1,2,6,2,2,1,1,1,4,4,46,5,5,2,2,1,1,6,4,6,5.0,2.0,1.0,4.0,2.0,2.0
103,103,4,1,1,1,5,2,1,3,6,3,1,1,3,1,1,3,4,5,1,6,4,5,3,1,1,1,4,5,28,4,4,4,1,1,1,6,4,5,4.0,4.0,1.0,5.0,2.0,4.0
104,104,6,1,3,1,6,3,1,2,5,1,1,1,2,1,2,2,5,6,1,5,6,6,3,1,1,1,6,6,44,6,6,6,2,1,1,5,4,6,6.0,4.0,1.0,6.0,2.0,4.0
105,105,1,2,2,1,4,3,1,4,6,3,1,1,3,1,2,4,6,6,1,4,6,4,4,1,1,1,6,5,31,6,6,6,1,1,1,6,4,6,6.0,4.0,1.0,4.0,3.0,4.0
106,106,5,2,3,1,6,3,1,2,6,4,1,1,3,1,4,4,4,3,1,5,5,4,3,1,1,1,5,5,36,5,4,6,1,1,1,5,3,5,4.0,4.0,1.0,5.0,3.0,4.0
107,107,3,2,4,1,4,1,1,3,4,4,1,1,1,2,2,2,5,5,1,3,6,3,4,1,1,1,3,3,48,4,5,4,1,1,1,5,3,6,5.0,3.0,1.0,4.0,1.0,4.0
108,108,2,1,1,2,5,1,1,3,5,3,1,1,1,2,2,3,5,4,1,4,4,2,4,1,1,2,5,5,39,5,4,5,1,1,1,5,4,5,5.0,4.0,1.0,4.0,1.0,2.0
109,109,3,2,2,1,3,2,1,2,2,1,1,1,1,1,2,2,4,3,1,3,6,2,2,2,1,1,3,2,58,4,4,3,1,1,1,6,1,4,4.0,2.0,1.0,3.0,2.0,2.0
110,110,1,2,2,1,5,2,1,3,2,1,1,1,2,2,4,3,5,5,1,3,6,3,3,1,1,1,5,3,38,3,4,3,2,1,1,6,3,5,5.0,3.0,1.0,2.0,2.0,2.0
111,111,3,1,4,1,6,2,1,1,4,2,1,1,2,1,2,1,6,6,1,3,6,1,1,1,1,1,6,3,40,3,6,5,2,1,2,6,5,6,6.0,3.0,1.0,3.0,2.0,2.0
112,112,2,2,4,1,3,2,1,2,4,2,1,1,2,2,2,2,4,4,1,3,5,2,2,1,1,1,3,4,35,4,3,3,2,1,1,4,2,3,3.0,2.0,1.0,4.0,2.0,2.0
113,113,3,2,4,1,4,3,1,3,4,2,1,1,2,2,2,3,4,4,1,4,5,2,3,1,1,1,3,4,41,4,5,3,3,1,1,5,3,5,4.0,3.0,1.0,4.0,2.0,2.0
114,114,2,1,5,1,4,3,1,4,4,2,1,1,3,2,2,4,4,4,1,4,5,4,4,1,1,1,4,4,38,4,4,4,2,1,1,5,4,4,4.0,4.0,1.0,4.0,3.0,3.0
115,115,2,2,4,1,5,1,1,2,3,1,1,1,1,1,2,2,4,5,1,2,5,1,1,2,2,1,5,1,41,3,6,2,2,1,1,5,1,5,5.0,2.0,1.0,2.0,1.0,1.0
116,116,2,1,2,1,2,1,1,3,2,2,1,1,1,1,1,2,2,2,1,3,3,2,3,2,1,1,2,2,30,4,2,2,5,1,2,4,2,2,2.0,2.0,1.0,2.0,1.0,2.0
117,117,3,2,4,1,5,1,1,3,4,3,1,1,1,1,1,3,5,5,1,3,5,3,3,3,1,1,3,4,36,4,5,4,2,1,1,5,3,5,5.0,3.0,1.0,4.0,1.0,3.0
118,118,3,2,4,1,5,1,1,3,4,3,1,1,1,1,1,3,5,5,1,3,5,3,3,3,1,1,3,4,36,4,5,4,2,1,1,5,3,5,5.0,3.0,1.0,4.0,1.0,3.0
119,119,5,2,1,1,6,1,2,3,3,3,1,1,1,1,2,3,5,5,1,4,6,4,3,1,1,1,4,4,63,3,5,4,1,1,2,5,3,5,5.0,3.0,1.0,4.0,1.0,4.0
120,120,1,2,1,1,6,1,1,3,2,1,1,1,2,2,2,3,6,6,1,3,5,2,3,2,1,1,6,2,50,2,6,3,3,1,1,5,3,6,6.0,3.0,1.0,2.0,2.0,2.0
121,121,1,2,4,1,5,2,1,2,2,1,1,1,2,3,4,1,5,3,1,3,5,2,2,1,1,1,5,3,41,3,3,2,3,1,1,6,3,5,4.0,2.0,1.0,2.0,2.0,2.0
122,122,1,1,1,2,5,2,1,3,3,2,1,1,2,2,2,3,4,5,1,3,6,3,3,2,1,2,5,3,50,5,5,4,3,1,1,6,3,5,5.0,3.0,1.0,3.0,2.0,2.0
123,123,3,1,3,1,3,1,1,2,3,3,1,1,3,1,2,3,4,4,1,3,5,3,3,1,1,1,3,4,40,3,5,3,2,1,3,5,3,5,4.0,3.0,1.0,3.0,2.0,3.0
124,124,1,1,4,1,5,3,1,2,2,1,1,1,3,2,2,2,5,5,1,3,6,2,4,2,1,1,5,3,49,2,5,3,2,1,1,6,3,5,5.0,3.0,1.0,2.0,3.0,2.0
125,125,4,2,1,1,5,5,1,5,5,3,1,1,1,1,1,4,4,5,1,4,6,3,3,3,1,1,4,5,34,4,5,5,2,1,1,5,5,5,5.0,4.0,1.0,4.0,3.0,3.0
126,126,1,1,1,1,5,1,1,2,1,1,1,1,1,1,4,2,5,4,1,5,5,1,2,1,4,1,5,2,51,4,4,5,3,1,1,5,3,5,5.0,3.0,1.0,2.0,1.0,1.0
127,127,4,2,4,1,3,1,1,1,4,2,1,1,1,4,0,1,3,4,1,3,4,1,1,1,1,1,3,3,41,4,3,2,4,1,1,4,4,3,3.0,2.0,1.0,4.0,1.0,2.0
128,128,3,1,3,1,4,2,1,2,2,2,1,1,1,1,1,2,5,4,1,2,5,2,3,2,2,1,4,3,36,3,4,3,2,1,2,4,2,5,4.0,2.0,1.0,3.0,2.0,2.0
129,129,1,1,1,1,3,2,1,2,3,2,1,1,2,2,1,3,3,3,1,3,6,2,2,2,2,1,3,2,46,3,4,3,3,1,1,4,2,3,3.0,2.0,1.0,2.0,2.0,2.0
130,130,4,1,3,1,4,2,1,3,4,3,1,1,2,2,3,3,4,4,1,4,4,3,4,2,2,1,4,4,58,3,4,3,2,1,1,3,3,4,4.0,3.0,1.0,4.0,2.0,3.0
131,131,2,1,2,1,4,3,2,1,1,1,1,1,3,1,1,1,4,4,1,1,4,1,1,1,1,1,4,2,26,2,4,1,3,1,3,3,1,3,4.0,1.0,1.0,2.0,3.0,1.0
132,132,5,1,4,3,6,4,1,2,4,4,1,1,4,1,2,2,5,6,1,4,6,6,2,2,3,1,6,6,51,6,5,4,3,1,1,6,3,6,6.0,3.0,1.0,5.0,4.0,5.0
133,133,1,1,3,2,5,1,2,2,4,1,2,1,1,2,0,2,5,5,2,2,5,2,2,2,1,5,5,4,41,5,5,2,5,1,1,5,1,4,5.0,2.0,2.0,4.0,1.0,2.0
134,134,3,1,1,1,3,4,2,1,2,1,1,1,4,2,2,1,3,3,1,3,5,2,2,2,2,1,2,3,52,2,4,3,4,1,2,3,1,3,3.0,2.0,2.0,2.0,4.0,2.0
135,135,4,1,4,2,4,2,2,4,3,3,1,1,1,2,1,4,2,4,3,3,3,4,3,2,2,1,4,4,24,4,3,5,4,1,2,3,3,3,3.0,4.0,2.0,4.0,2.0,4.0
136,136,4,1,4,2,5,3,2,5,5,3,2,1,3,2,4,5,4,4,2,4,5,3,4,2,3,3,4,5,45,4,5,4,2,1,2,5,4,5,4.0,4.0,2.0,4.0,3.0,3.0
137,137,1,1,3,1,5,1,1,5,2,1,1,1,1,1,4,2,6,5,1,3,5,1,3,3,3,4,4,1,59,2,4,1,2,1,6,5,1,5,5.0,2.0,2.0,2.0,1.0,1.0
138,138,2,1,0,2,4,4,1,3,1,3,1,1,3,4,2,4,3,4,4,4,3,2,5,3,5,1,3,3,47,3,4,3,4,1,2,4,4,4,4.0,4.0,3.0,2.0,4.0,2.0
139,139,1,1,4,5,4,1,4,2,1,1,2,1,1,5,2,2,5,5,1,1,5,1,1,4,5,5,5,1,29,1,5,1,3,1,4,4,1,1,4.0,1.0,4.0,1.0,1.0,1.0
140,140,4,2,4,5,3,4,3,2,4,3,3,1,3,4,1,3,4,3,4,3,3,4,2,3,4,3,2,3,29,3,3,2,4,1,4,4,3,3,3.0,2.0,4.0,4.0,4.0,4.0
141,141,1,1,2,1,1,1,1,1,1,1,1,2,1,1,2,1,1,1,1,1,1,1,1,1,1,1,6,1,39,1,6,1,6,1,1,1,1,1,3.0,1.0,1.0,1.0,1.0,1.0
142,142,1,1,4,1,4,1,1,2,1,1,1,2,1,1,1,2,5,6,1,2,5,1,3,1,1,1,6,1,30,1,5,2,2,1,1,4,2,5,5.0,2.0,1.0,1.0,1.0,1.0
143,143,1,2,2,1,4,1,1,4,1,1,1,2,1,1,2,4,4,4,1,4,5,1,4,1,1,1,4,1,35,1,4,4,1,1,1,5,4,4,4.0,4.0,1.0,1.0,1.0,1.0
144,144,1,1,4,1,5,1,1,4,1,1,1,2,1,1,2,4,5,5,1,5,6,3,4,1,1,1,4,2,32,2,5,5,2,1,1,6,4,5,5.0,4.0,1.0,2.0,1.0,2.0
145,145,1,2,2,1,3,1,1,2,2,1,1,2,1,1,2,2,3,3,1,3,2,1,3,1,1,1,3,2,54,2,3,3,2,1,1,2,2,3,3.0,2.0,1.0,2.0,1.0,1.0
146,146,1,2,4,1,6,1,1,3,1,1,1,2,1,1,1,3,4,4,1,3,6,2,3,1,1,1,5,2,43,3,6,3,1,1,1,4,3,4,5.0,3.0,1.0,2.0,1.0,2.0
147,147,1,2,4,1,5,1,1,2,1,1,1,2,1,1,1,2,5,5,1,3,6,1,3,1,1,1,5,2,53,3,5,3,2,1,1,5,2,5,5.0,2.0,1.0,2.0,1.0,1.0
148,148,2,1,3,1,4,1,1,2,1,1,1,2,1,1,1,2,4,4,1,4,5,1,4,1,1,1,4,2,40,2,4,4,2,1,1,4,4,4,4.0,3.0,1.0,2.0,1.0,1.0
149,150,1,1,4,1,3,1,1,2,2,1,1,2,1,1,1,2,5,5,1,2,6,2,2,1,1,1,3,2,37,3,4,2,2,1,1,5,2,5,4.0,2.0,1.0,2.0,1.0,2.0
150,151,1,1,2,1,4,1,1,2,2,1,1,2,1,1,2,2,4,4,1,2,5,1,3,1,1,1,4,2,38,4,4,2,2,1,1,4,2,4,4.0,2.0,1.0,2.0,1.0,1.0
151,152,1,1,3,1,5,1,1,2,2,1,1,2,1,1,4,2,4,4,1,3,4,1,2,1,1,1,3,3,59,3,3,3,3,1,1,5,3,5,4.0,2.0,1.0,2.0,1.0,1.0
152,153,1,2,4,1,3,1,1,4,2,2,1,2,1,1,1,3,3,3,1,4,5,2,4,1,1,1,3,2,28,3,4,4,2,1,1,4,3,4,3.0,4.0,1.0,2.0,1.0,2.0
153,154,1,2,5,1,3,1,1,1,2,1,1,2,1,1,4,1,2,2,1,4,3,1,1,1,1,1,2,2,35,5,2,2,3,1,1,2,1,2,2.0,2.0,1.0,2.0,1.0,1.0
154,155,2,2,3,1,3,1,1,2,2,2,1,2,1,1,2,2,4,3,1,2,4,1,2,1,1,1,4,3,42,2,4,2,1,1,1,5,2,4,4.0,2.0,1.0,2.0,1.0,2.0
155,156,2,2,4,1,4,1,1,2,2,1,1,2,1,1,2,2,5,5,1,3,6,3,3,1,1,1,4,3,35,3,4,3,3,1,1,5,3,5,4.0,3.0,1.0,2.0,1.0,2.0
156,157,2,2,4,1,3,1,1,2,2,1,1,2,1,1,1,2,3,4,1,2,6,1,2,1,1,1,3,5,36,2,5,2,2,1,1,5,2,5,4.0,2.0,1.0,3.0,1.0,1.0
157,158,2,1,5,1,4,1,1,3,2,2,1,2,1,1,4,2,3,5,1,3,5,3,3,1,1,1,3,3,50,3,5,3,2,1,1,5,3,5,4.0,3.0,1.0,2.0,1.0,2.0
158,159,1,1,4,1,5,1,1,3,2,2,1,2,1,1,2,3,5,5,1,3,6,2,3,1,1,1,5,4,46,3,5,3,2,1,1,5,3,5,5.0,3.0,1.0,2.0,1.0,2.0
159,160,3,1,3,1,5,1,1,1,3,2,1,2,1,1,2,1,5,4,1,1,4,2,1,1,1,1,5,2,32,3,4,1,3,1,1,3,1,5,5.0,1.0,1.0,3.0,1.0,2.0
160,161,2,2,3,1,4,1,1,2,3,2,1,2,1,1,2,2,6,4,1,2,5,3,2,1,1,1,4,3,42,3,6,2,1,1,1,5,2,4,5.0,2.0,1.0,3.0,1.0,2.0
161,162,1,1,5,1,5,1,1,3,3,3,1,2,1,1,4,2,3,4,1,2,5,3,3,1,1,1,3,3,50,3,4,3,3,1,1,4,3,5,4.0,3.0,1.0,2.0,1.0,3.0
162,163,3,1,3,1,5,1,1,2,3,1,1,2,1,1,0,2,5,4,1,3,3,1,2,1,1,1,5,2,43,4,5,4,2,1,1,6,4,5,5.0,3.0,1.0,3.0,1.0,1.0
163,164,1,1,2,1,4,1,1,3,3,3,1,2,1,1,2,3,4,4,1,3,6,3,3,1,1,1,4,3,45,3,4,3,1,1,1,6,3,4,4.0,3.0,1.0,2.0,1.0,3.0
164,165,4,1,2,1,5,1,1,3,2,1,1,2,1,1,2,3,5,4,1,3,5,4,3,1,1,1,5,2,55,4,3,4,3,1,1,3,3,5,4.0,3.0,1.0,3.0,1.0,2.0
165,166,2,1,1,1,3,1,1,3,3,3,1,2,1,1,1,4,3,3,1,3,4,2,4,1,1,1,4,2,36,3,4,3,4,1,1,5,3,3,3.0,3.0,1.0,2.0,1.0,2.0
166,167,1,2,2,1,4,1,1,4,3,1,1,2,1,1,1,4,4,4,1,4,4,2,4,1,1,1,4,4,25,4,4,4,2,1,1,4,4,4,4.0,4.0,1.0,3.0,1.0,2.0
167,168,1,2,4,1,5,1,1,4,1,1,1,2,1,1,2,4,4,4,1,4,5,2,4,1,1,1,4,5,36,5,4,4,2,1,1,4,4,4,4.0,4.0,1.0,3.0,1.0,2.0
168,169,1,1,4,1,5,1,1,3,4,1,1,2,1,1,1,3,5,5,1,5,5,4,3,1,1,1,5,3,30,4,5,5,2,1,1,5,5,5,5.0,4.0,1.0,3.0,1.0,2.0
169,170,4,1,4,1,4,1,1,3,3,1,1,2,1,1,2,3,4,4,1,4,5,3,3,1,1,1,4,3,47,3,4,4,3,1,1,5,3,4,4.0,3.0,1.0,3.0,1.0,2.0
170,171,3,2,2,1,4,1,1,2,3,2,1,2,1,1,1,2,5,5,1,3,3,2,3,1,1,1,4,3,27,3,5,3,2,1,1,4,2,5,5.0,2.0,1.0,3.0,1.0,2.0
171,172,1,1,4,1,4,1,1,2,4,1,1,2,1,1,1,2,4,3,1,5,4,2,2,1,1,1,3,4,27,4,4,3,3,1,1,5,4,4,4.0,3.0,1.0,3.0,1.0,2.0
172,173,1,1,4,1,5,1,1,3,3,1,1,2,1,1,1,3,4,6,1,4,5,3,3,1,1,1,5,4,23,6,5,2,2,1,1,6,2,6,5.0,3.0,1.0,4.0,1.0,2.0
173,174,3,1,1,1,3,1,1,3,3,3,1,2,1,1,2,3,3,3,1,3,3,1,3,1,1,1,3,3,36,3,3,3,3,1,1,3,3,3,3.0,3.0,1.0,3.0,1.0,2.0
174,175,4,2,4,1,4,1,1,3,4,1,1,2,1,1,1,3,5,4,1,3,5,2,3,1,1,1,4,4,32,4,5,3,2,1,1,4,3,4,4.0,3.0,1.0,4.0,1.0,2.0
175,176,3,2,4,1,4,1,1,3,4,2,1,2,1,1,1,3,4,4,1,3,5,4,3,1,1,1,4,4,39,4,5,3,2,1,1,5,2,5,4.0,3.0,1.0,4.0,1.0,3.0
176,177,3,2,4,1,4,1,1,4,3,3,1,2,1,1,2,4,4,4,1,3,5,4,3,1,1,1,4,4,62,4,4,4,3,1,1,6,4,4,4.0,4.0,1.0,4.0,1.0,4.0
177,178,2,1,2,1,6,1,1,4,5,1,1,2,1,1,2,4,5,5,1,4,6,2,4,1,1,1,5,4,35,5,5,4,2,1,1,6,4,5,5.0,4.0,1.0,4.0,1.0,2.0
178,179,4,2,2,1,4,1,1,3,2,3,1,2,1,1,1,3,3,3,1,3,6,3,3,1,1,1,4,4,39,5,4,4,2,1,1,5,2,5,4.0,3.0,1.0,4.0,1.0,3.0
179,180,1,1,3,1,4,1,1,2,6,1,1,2,1,1,1,2,5,5,1,6,6,5,2,1,1,1,4,5,30,5,2,4,2,1,1,6,2,6,4.0,3.0,1.0,4.0,1.0,3.0
180,181,2,2,4,1,5,1,1,3,5,1,1,2,1,1,1,5,3,5,1,3,6,5,6,1,1,1,5,5,25,5,6,3,3,1,1,5,2,6,5.0,4.0,1.0,4.0,1.0,3.0
181,182,4,2,2,1,5,1,1,3,5,1,1,2,1,1,1,4,4,6,1,5,6,2,4,1,1,1,4,4,25,4,5,4,1,1,1,6,3,5,5.0,4.0,1.0,4.0,1.0,2.0
182,183,3,2,3,1,6,1,1,5,4,3,1,2,1,1,1,4,5,5,1,5,4,4,4,1,1,1,5,4,30,4,6,4,2,1,1,5,5,5,5.0,4.0,1.0,4.0,1.0,4.0
183,184,4,2,4,1,6,1,1,2,5,2,1,2,1,1,1,2,5,5,1,5,6,3,3,1,1,1,6,3,32,5,6,6,2,1,1,6,3,5,6.0,4.0,1.0,4.0,1.0,2.0
184,185,5,1,3,1,5,1,1,5,4,3,1,2,1,1,2,5,5,5,1,5,6,4,5,1,1,1,5,4,46,4,5,5,2,1,1,5,5,5,5.0,5.0,1.0,4.0,1.0,4.0
185,186,3,1,4,1,5,1,1,3,5,3,1,2,1,1,1,3,5,5,1,3,5,3,3,1,1,1,5,5,43,5,5,3,3,1,1,5,3,5,5.0,3.0,1.0,4.0,1.0,3.0
186,187,5,1,3,1,5,1,1,4,4,2,1,2,1,1,1,2,4,4,1,4,5,4,3,1,1,1,5,5,31,5,5,5,2,1,1,5,4,5,5.0,4.0,1.0,5.0,1.0,3.0
187,188,5,1,4,1,5,1,1,5,1,5,1,2,1,1,1,5,5,5,1,4,6,5,5,1,1,1,5,5,35,5,5,4,3,1,1,5,3,4,5.0,4.0,1.0,4.0,1.0,5.0
188,189,1,2,4,1,5,1,1,5,5,5,1,2,1,1,1,5,5,5,1,5,5,5,5,1,1,1,5,5,29,5,5,5,2,1,1,3,5,5,5.0,5.0,1.0,4.0,1.0,5.0
189,190,5,2,4,1,4,1,1,2,5,2,1,2,1,1,1,2,3,4,1,3,5,3,2,1,1,1,3,5,38,5,3,3,1,1,1,5,2,4,4.0,2.0,1.0,5.0,1.0,2.0
190,191,4,2,4,1,5,1,1,3,3,3,1,2,1,1,1,3,4,4,1,6,5,3,3,1,1,1,5,6,30,6,4,6,3,1,1,4,5,5,4.0,4.0,1.0,5.0,1.0,3.0
191,192,6,2,3,1,6,1,1,2,4,1,1,2,1,1,4,3,5,4,1,4,6,5,3,1,1,1,6,6,41,6,5,6,3,1,1,6,5,6,5.0,4.0,1.0,6.0,1.0,3.0
192,193,5,2,2,1,6,1,1,4,5,3,1,2,1,1,2,4,5,5,1,6,6,4,5,1,1,1,4,5,43,5,5,6,3,1,1,4,6,5,5.0,5.0,1.0,5.0,1.0,4.0
193,194,5,2,2,1,4,1,1,4,5,4,1,2,1,1,1,4,5,5,1,5,4,1,4,1,1,1,5,5,39,5,4,5,4,1,1,6,5,5,5.0,4.0,1.0,5.0,1.0,2.0
194,195,5,2,3,1,5,1,1,4,6,5,1,2,1,1,2,4,5,5,1,5,6,4,5,1,1,1,5,4,57,6,5,5,1,1,1,5,3,5,5.0,4.0,1.0,5.0,1.0,4.0
195,196,1,2,3,1,3,2,1,2,2,1,1,2,1,1,2,2,3,4,1,2,4,1,2,1,1,1,3,1,48,2,3,2,2,1,1,2,2,3,3.0,2.0,1.0,2.0,2.0,1.0
196,197,1,1,5,1,4,2,1,3,2,1,1,2,1,1,2,3,4,4,1,3,5,2,3,1,1,1,3,3,49,2,4,3,3,1,1,4,3,4,4.0,3.0,1.0,2.0,2.0,2.0
197,198,1,2,4,1,6,2,1,3,1,1,1,2,1,1,1,3,4,5,1,3,6,1,3,1,1,1,5,3,43,4,5,3,1,1,1,5,3,6,5.0,3.0,1.0,2.0,2.0,1.0
198,199,1,2,4,1,4,2,1,2,4,1,1,2,1,1,4,2,3,4,1,1,6,2,1,1,1,1,4,3,28,3,6,3,2,1,1,4,1,5,4.0,2.0,1.0,3.0,2.0,2.0
199,200,3,1,2,1,4,1,1,2,4,1,1,2,2,1,2,2,4,3,1,3,3,2,2,1,1,1,3,3,37,2,4,4,3,1,1,5,4,4,4.0,3.0,1.0,3.0,2.0,2.0
200,201,2,2,4,1,5,2,1,2,3,1,1,2,1,1,2,2,4,5,1,2,5,2,2,1,1,1,5,4,57,4,5,3,1,1,1,5,2,5,5.0,2.0,1.0,3.0,2.0,2.0
201,202,2,2,4,1,5,2,1,5,3,2,1,2,1,1,2,5,5,5,1,5,5,5,5,1,1,1,5,4,35,3,5,5,2,1,1,6,5,5,5.0,5.0,1.0,3.0,2.0,4.0
202,203,3,1,3,1,3,2,1,2,3,3,1,2,1,1,2,3,2,3,1,2,4,2,3,1,1,1,3,3,33,3,3,2,3,1,1,4,2,4,3.0,2.0,1.0,3.0,2.0,2.0
203,204,1,2,4,1,5,2,1,2,3,2,1,2,1,1,2,2,5,5,1,4,4,3,3,1,1,1,5,5,53,4,5,4,3,1,1,5,2,5,5.0,3.0,1.0,3.0,2.0,2.0
204,205,3,1,2,1,5,2,1,4,3,2,1,2,1,1,1,4,5,4,1,4,6,3,4,1,1,1,6,3,38,4,4,4,2,1,1,6,3,5,5.0,4.0,1.0,3.0,2.0,2.0
205,206,3,2,5,1,5,2,1,4,4,1,1,2,1,1,2,4,5,4,1,4,4,3,4,1,1,1,5,4,35,4,4,5,3,1,1,5,4,5,5.0,4.0,1.0,4.0,2.0,2.0
206,207,4,1,1,1,5,1,1,5,1,3,1,2,2,1,2,5,4,5,1,4,5,3,4,1,1,1,5,4,45,5,5,4,2,1,1,5,5,3,4.0,4.0,1.0,4.0,2.0,3.0
207,208,4,2,3,1,5,1,1,2,3,2,1,2,2,1,2,2,4,4,1,4,6,3,3,1,1,1,3,4,38,5,5,4,3,1,1,4,1,5,4.0,3.0,1.0,4.0,2.0,2.0
208,209,4,1,5,1,6,1,1,5,5,1,1,2,2,1,1,5,2,3,1,4,5,3,5,1,1,1,5,4,42,4,3,3,1,1,1,6,2,5,4.0,4.0,1.0,4.0,2.0,2.0
209,210,4,1,3,1,5,2,1,3,4,4,1,2,1,1,2,3,5,3,1,4,5,3,3,1,1,1,6,3,40,4,4,3,2,1,1,5,4,3,4.0,3.0,1.0,4.0,2.0,4.0
210,211,4,2,1,1,5,2,1,3,4,2,1,2,1,1,2,3,5,4,1,4,6,4,4,1,1,1,5,5,64,4,4,4,1,1,1,6,3,5,5.0,4.0,1.0,4.0,2.0,3.0
211,212,2,1,2,1,5,2,1,4,5,3,1,2,1,1,1,4,5,6,1,5,5,6,5,1,1,1,5,4,25,5,6,5,2,1,1,6,2,5,5.0,4.0,1.0,4.0,2.0,4.0
212,213,1,2,1,1,5,1,1,5,5,4,1,2,2,1,2,5,5,5,1,5,6,1,5,1,1,1,5,5,51,5,5,5,1,1,1,6,5,5,5.0,5.0,1.0,4.0,2.0,2.0
213,214,3,1,4,1,4,1,1,4,5,3,1,2,2,1,1,4,4,6,1,4,6,5,3,1,1,1,4,5,31,5,6,5,1,1,1,5,5,4,5.0,4.0,1.0,4.0,2.0,4.0
214,215,3,2,4,1,5,3,1,2,2,2,1,2,1,1,2,2,4,4,1,2,5,2,2,1,1,1,5,3,41,2,5,2,4,1,1,4,2,4,4.0,2.0,1.0,2.0,2.0,2.0
215,216,2,2,4,1,4,2,1,2,3,2,1,2,2,1,1,2,3,3,1,2,5,2,2,1,1,1,4,3,32,3,3,3,4,1,1,5,2,4,4.0,2.0,1.0,3.0,2.0,2.0
216,217,2,1,3,1,4,3,1,3,3,2,1,2,1,1,2,3,4,4,1,3,4,2,3,1,1,1,3,3,33,3,3,3,3,1,1,5,3,4,4.0,3.0,1.0,3.0,2.0,2.0
217,218,3,2,2,1,5,2,1,2,4,1,1,2,2,1,1,3,5,5,1,3,6,3,3,1,1,1,4,3,20,3,4,3,2,1,1,6,3,6,5.0,3.0,1.0,3.0,2.0,2.0
218,219,2,2,4,1,4,2,1,4,2,2,1,2,2,1,1,3,4,4,1,4,5,5,4,1,1,1,4,4,30,4,4,4,2,1,1,4,5,4,4.0,4.0,1.0,3.0,2.0,4.0
219,220,3,1,4,1,4,3,1,3,3,3,1,2,1,1,1,3,4,4,1,3,4,2,4,1,1,1,5,4,36,3,3,4,1,1,1,5,3,5,4.0,3.0,1.0,3.0,2.0,2.0
220,221,1,1,1,1,4,2,1,4,4,3,1,2,2,1,2,3,5,6,1,4,6,4,3,1,1,1,4,4,48,4,5,4,1,1,1,6,4,5,5.0,4.0,1.0,3.0,2.0,4.0
221,222,4,2,3,1,5,2,1,2,4,2,1,2,2,1,2,5,4,4,1,3,5,2,3,1,1,1,5,3,47,4,4,4,1,1,1,6,4,4,4.0,4.0,1.0,4.0,2.0,2.0
222,223,3,1,0,1,5,2,1,4,4,2,1,2,2,1,0,4,5,5,1,5,6,5,5,1,1,1,5,4,40,4,6,5,3,1,1,5,4,5,5.0,4.0,1.0,4.0,2.0,4.0
223,224,5,2,3,1,6,3,1,2,5,2,1,2,1,1,2,3,6,5,1,3,5,3,3,1,1,1,6,5,48,5,6,3,1,1,1,6,5,6,6.0,3.0,1.0,5.0,2.0,2.0
224,225,4,2,4,1,6,2,1,4,5,2,1,2,2,1,2,4,5,4,1,4,6,3,2,1,1,1,5,6,35,6,5,4,2,1,1,6,4,6,5.0,4.0,1.0,5.0,2.0,2.0
225,226,2,2,4,1,3,2,1,2,1,1,1,2,3,1,2,1,2,3,1,4,5,2,4,1,1,1,3,4,48,3,3,2,2,1,1,4,3,3,3.0,3.0,1.0,2.0,2.0,2.0
226,227,2,2,5,1,4,3,1,3,3,2,1,2,2,1,1,2,3,3,1,3,5,3,3,1,1,1,4,3,43,2,4,3,3,1,1,4,3,4,4.0,3.0,1.0,2.0,2.0,2.0
227,228,3,2,2,1,6,3,1,3,3,2,1,2,2,1,1,3,5,5,1,4,5,3,3,1,1,1,6,4,37,3,4,4,3,1,1,6,3,6,5.0,3.0,1.0,3.0,2.0,2.0
228,229,2,2,3,1,5,3,1,2,3,3,1,2,2,1,1,3,4,5,1,4,5,1,3,1,1,1,4,4,30,4,5,4,1,1,1,5,4,5,5.0,3.0,1.0,3.0,2.0,2.0
229,230,3,1,5,1,5,3,1,4,3,3,1,2,2,1,2,3,4,4,1,4,5,3,4,1,1,1,5,4,42,3,3,4,1,1,1,6,4,5,4.0,4.0,1.0,3.0,2.0,3.0
230,231,5,2,4,1,5,2,1,4,5,1,1,2,3,1,2,4,5,5,1,4,5,4,5,1,1,1,5,5,34,5,5,4,3,1,1,5,4,5,5.0,4.0,1.0,5.0,2.0,2.0
231,232,2,1,2,1,4,3,1,4,3,2,1,2,3,1,2,4,4,4,1,4,5,4,4,1,1,1,4,5,37,3,4,4,3,1,1,5,4,4,4.0,4.0,1.0,3.0,3.0,3.0
232,233,4,2,1,1,5,3,1,3,4,2,1,2,3,1,1,3,5,4,1,2,1,5,2,1,1,1,5,5,38,4,4,4,2,1,1,5,3,5,5.0,3.0,1.0,4.0,3.0,4.0
233,234,3,2,4,1,6,3,1,3,6,1,1,2,4,1,2,2,6,6,1,6,6,6,3,1,1,1,6,5,59,6,6,5,2,1,1,5,2,6,6.0,4.0,1.0,5.0,4.0,4.0
234,235,1,1,3,1,3,1,1,2,1,1,1,2,1,2,2,3,3,3,1,3,4,2,2,1,1,1,3,2,62,2,4,2,3,1,1,4,2,3,3.0,2.0,1.0,2.0,1.0,2.0
235,236,1,1,4,1,4,1,1,2,2,1,1,2,1,2,2,2,5,4,1,2,5,2,2,1,1,1,4,2,39,2,5,3,3,1,1,4,3,5,4.0,2.0,1.0,2.0,1.0,2.0
236,237,1,1,3,1,2,1,1,1,2,1,1,2,1,1,2,1,2,2,1,2,4,1,1,1,1,1,3,2,45,3,3,2,2,1,2,3,2,2,2.0,2.0,1.0,2.0,1.0,1.0
237,238,1,1,3,1,2,1,1,1,2,1,1,2,1,2,2,1,2,2,1,3,3,1,2,1,1,1,2,2,50,3,2,3,3,1,1,2,1,3,2.0,2.0,1.0,2.0,1.0,1.0
238,239,3,1,3,1,5,1,1,3,6,1,1,2,1,2,2,2,3,5,1,5,5,4,3,1,1,1,4,4,40,6,4,5,3,1,1,5,2,4,4.0,3.0,1.0,5.0,1.0,2.0
239,240,1,1,2,2,4,2,1,2,2,1,1,2,2,2,2,2,3,3,1,4,3,1,2,1,1,1,3,3,55,3,3,3,4,1,1,4,5,4,3.0,3.0,1.0,2.0,2.0,1.0
240,241,2,2,2,1,5,3,1,3,2,2,1,2,1,1,4,3,5,6,1,3,6,2,4,1,1,1,5,3,54,2,5,3,2,1,2,5,3,6,5.0,3.0,1.0,2.0,2.0,2.0
241,242,1,1,2,1,4,2,1,4,3,2,1,2,2,1,1,3,4,4,1,4,4,4,3,1,1,1,4,2,31,3,4,4,2,1,2,3,4,4,4.0,4.0,1.0,2.0,2.0,3.0
242,243,3,1,2,1,5,2,1,4,4,3,1,2,2,2,2,3,4,4,1,4,4,3,5,1,1,1,4,4,42,5,5,4,2,1,1,5,4,5,4.0,4.0,1.0,4.0,2.0,3.0
243,244,5,2,1,1,6,2,1,4,3,3,1,2,2,1,2,4,6,5,1,4,5,4,4,1,1,1,5,5,33,4,6,5,2,1,2,5,5,5,6.0,4.0,1.0,4.0,2.0,4.0
244,245,2,2,4,1,2,2,1,1,3,2,1,2,3,2,1,3,2,2,1,2,3,2,2,1,1,1,3,3,35,3,3,2,2,1,1,2,2,3,2.0,2.0,1.0,3.0,2.0,2.0
245,246,3,1,3,1,5,2,1,4,3,3,1,2,3,1,1,4,6,6,1,5,6,1,5,1,1,1,5,4,30,3,5,5,6,1,2,6,2,6,6.0,4.0,1.0,3.0,2.0,2.0
246,247,5,1,4,1,6,2,1,3,4,2,1,2,3,2,1,4,5,4,1,2,6,3,2,1,1,3,5,2,38,4,4,2,2,1,1,4,1,4,5.0,2.0,1.0,4.0,2.0,2.0
247,248,3,2,4,1,5,3,1,4,4,3,1,2,2,1,2,4,5,5,1,4,6,3,4,1,1,1,6,4,30,4,4,5,2,1,2,5,4,5,5.0,4.0,1.0,4.0,2.0,3.0
248,249,5,1,0,1,6,4,1,3,5,3,1,2,4,1,1,2,4,6,1,1,5,4,3,1,1,1,6,5,33,6,4,3,1,1,2,5,3,6,5.0,2.0,1.0,5.0,4.0,4.0
249,250,3,1,4,1,5,1,1,1,5,2,1,2,1,3,2,1,4,5,1,4,4,2,1,1,1,1,5,1,42,5,6,3,2,1,1,2,1,5,5.0,2.0,1.0,4.0,1.0,2.0
250,251,1,1,2,1,3,1,1,3,4,2,1,2,1,1,2,3,5,5,1,4,5,4,3,1,1,1,5,4,49,4,5,5,2,1,3,5,3,5,5.0,4.0,1.0,3.0,1.0,3.0
251,252,2,1,2,1,4,2,1,1,4,1,1,2,2,2,2,1,3,3,1,3,4,2,2,2,1,1,3,3,38,3,3,4,3,1,1,3,2,4,3.0,2.0,1.0,3.0,2.0,2.0
252,253,4,1,4,1,3,2,1,3,4,3,1,2,2,2,1,2,3,3,1,3,5,3,3,2,1,1,4,6,25,3,3,3,2,1,1,4,4,3,3.0,3.0,1.0,4.0,2.0,3.0
253,254,3,2,4,1,4,4,1,3,4,3,1,2,2,2,1,3,4,4,1,4,5,3,3,2,1,2,4,4,26,3,4,4,1,1,1,6,3,4,4.0,3.0,1.0,4.0,3.0,3.0
254,255,1,2,4,1,5,1,2,4,1,2,1,2,1,2,2,4,5,5,2,4,4,1,4,1,1,2,5,2,37,2,4,4,2,1,1,6,4,4,5.0,4.0,1.0,2.0,1.0,2.0
255,256,2,2,5,2,3,1,1,2,2,1,1,2,1,4,1,2,3,3,1,6,4,1,1,1,1,1,2,2,39,5,3,5,2,1,1,2,2,3,3.0,3.0,1.0,3.0,1.0,1.0
256,257,4,2,4,1,4,4,1,2,4,3,1,2,4,2,2,3,5,5,2,3,6,3,3,2,1,1,5,3,47,3,5,3,3,1,1,6,2,5,5.0,3.0,1.0,4.0,4.0,3.0
257,258,3,2,2,2,2,3,1,2,5,2,1,2,2,3,1,2,2,4,1,5,5,4,3,2,2,1,3,5,42,5,5,5,2,1,1,6,2,5,4.0,3.0,2.0,4.0,2.0,3.0
258,259,2,1,3,2,5,2,2,3,2,2,1,2,1,2,0,2,4,4,1,3,5,2,1,2,2,1,4,2,55,2,3,4,2,1,1,5,3,4,4.0,3.0,2.0,2.0,2.0,2.0
259,260,1,2,4,1,2,1,2,2,1,1,2,2,1,2,1,3,3,2,1,3,3,2,2,1,2,1,2,1,28,1,3,3,3,1,2,5,2,2,2.0,2.0,2.0,1.0,1.0,2.0
260,261,2,1,5,1,2,3,2,2,2,1,1,2,3,2,2,1,2,2,2,1,2,2,2,2,1,2,2,3,55,2,2,1,2,1,3,2,2,2,2.0,2.0,2.0,2.0,3.0,2.0
261,262,2,2,4,2,6,2,2,6,1,2,2,2,2,2,1,6,6,5,2,5,6,2,4,2,2,2,6,2,38,2,3,5,1,1,2,6,4,6,5.0,5.0,2.0,2.0,2.0,2.0
262,264,3,1,2,3,2,2,3,1,2,2,2,2,3,3,4,2,2,2,2,1,3,3,1,1,1,2,2,4,45,3,1,2,3,1,3,2,3,1,2.0,2.0,2.0,3.0,2.0,2.0
263,265,3,1,3,1,2,3,3,2,2,2,2,2,3,1,1,2,3,2,3,2,3,1,3,3,2,1,3,4,41,3,2,3,3,1,2,3,2,3,2.0,2.0,2.0,3.0,3.0,2.0
264,266,3,1,3,2,1,3,3,1,2,2,3,2,2,3,2,2,2,2,3,2,3,2,1,2,2,2,1,2,33,2,2,2,4,1,3,3,2,2,2.0,2.0,3.0,2.0,2.0,2.0
265,267,3,1,4,2,1,3,3,1,2,2,3,2,2,3,3,2,2,2,3,2,3,2,1,2,2,2,1,2,40,2,2,2,4,1,3,3,2,2,2.0,2.0,3.0,2.0,2.0,2.0
266,268,4,2,3,2,6,4,4,3,5,3,2,2,4,3,2,3,4,5,4,3,6,2,3,4,4,1,4,3,25,2,4,4,3,1,4,5,4,5,5.0,3.0,4.0,4.0,4.0,2.0
267,269,2,1,4,5,2,1,4,3,2,2,3,2,2,4,2,2,2,2,4,1,2,2,2,3,3,3,4,1,63,2,4,2,5,1,5,4,1,3,3.0,2.0,4.0,2.0,2.0,2.0
268,270,3,2,4,3,5,3,3,3,4,2,5,2,4,4,1,3,5,5,5,5,6,2,5,4,4,2,5,4,33,4,5,2,1,1,4,6,3,5,5.0,4.0,4.0,4.0,4.0,2.0
269,271,1,2,1,5,2,1,5,1,1,1,5,2,1,6,2,1,1,1,4,1,1,1,1,5,4,1,3,1,40,1,1,1,1,1,5,1,1,1,2.0,1.0,5.0,1.0,1.0,1.0
270,272,5,1,1,1,2,2,5,2,3,2,6,2,2,6,2,3,1,2,5,2,1,3,2,4,4,1,2,2,64,2,5,2,6,1,5,1,6,1,2.0,3.0,5.0,3.0,2.0,2.0
271,273,1,2,4,1,1,1,1,1,1,1,1,1,1,1,2,1,6,6,1,6,6,1,1,1,1,1,6,1,40,1,6,6,6,2,1,6,1,6,5.0,3.0,1.0,1.0,1.0,1.0
272,274,1,1,3,1,4,1,1,3,1,1,1,1,1,1,2,3,2,3,1,3,4,1,3,1,1,1,3,1,54,1,3,5,3,2,1,4,3,3,3.0,3.0,1.0,1.0,1.0,1.0
273,275,1,1,3,1,4,1,1,3,1,1,1,1,1,1,2,3,2,3,1,3,4,1,3,1,1,1,3,1,54,1,3,5,3,2,1,4,3,3,3.0,3.0,1.0,1.0,1.0,1.0
274,276,1,2,4,1,6,1,1,3,1,1,1,1,1,1,2,3,6,6,1,3,6,1,3,1,1,1,6,1,40,1,6,6,6,2,1,6,3,6,6.0,4.0,1.0,1.0,1.0,1.0
275,277,1,2,4,1,6,1,1,3,1,1,1,1,1,1,2,3,6,6,1,3,6,1,3,1,1,1,6,1,40,1,6,6,6,2,1,6,3,6,6.0,4.0,1.0,1.0,1.0,1.0
276,278,1,1,4,1,2,1,1,1,2,1,1,1,1,1,2,1,2,2,1,1,4,2,1,1,1,1,2,1,40,1,2,1,3,2,1,2,1,2,2.0,1.0,1.0,1.0,1.0,2.0
277,279,1,1,3,1,3,1,1,2,1,1,1,1,1,1,1,1,3,3,1,1,4,1,2,1,1,1,3,1,24,2,4,1,3,2,1,4,1,3,3.0,1.0,1.0,1.0,1.0,1.0
278,280,1,2,4,1,2,1,1,2,1,1,1,1,1,1,2,2,2,2,1,3,3,2,2,1,1,1,2,2,44,2,2,2,2,2,1,2,2,2,2.0,2.0,1.0,2.0,1.0,2.0
279,281,1,1,3,1,4,1,1,2,1,1,1,1,1,1,1,2,4,4,1,2,6,2,3,1,1,1,4,2,46,2,4,2,3,2,1,5,2,4,4.0,2.0,1.0,2.0,1.0,2.0
280,282,2,2,4,1,3,1,1,1,1,1,1,1,1,1,2,1,3,3,1,2,5,2,2,1,1,1,2,2,44,2,3,2,3,2,1,4,1,3,3.0,2.0,1.0,2.0,1.0,2.0
281,283,1,2,4,1,4,1,1,3,1,1,1,1,1,1,2,3,4,4,1,1,4,3,1,1,1,1,4,2,50,3,4,3,2,2,1,4,3,4,4.0,2.0,1.0,2.0,1.0,2.0
282,284,1,2,4,1,4,1,1,3,1,1,1,1,1,1,2,3,4,4,1,1,4,3,1,1,1,1,4,2,50,3,4,3,2,2,1,4,3,4,4.0,2.0,1.0,2.0,1.0,2.0
283,285,1,1,1,1,3,1,1,3,2,1,1,1,1,1,1,3,3,3,1,3,4,3,3,1,1,1,2,1,40,3,3,3,3,1,1,4,3,3,3.0,3.0,1.0,2.0,1.0,2.0
284,286,1,1,5,1,3,1,1,3,2,1,1,1,1,1,2,3,3,3,1,3,4,2,3,1,1,1,3,2,41,2,3,3,2,1,1,3,3,3,3.0,3.0,1.0,2.0,1.0,2.0
285,287,2,2,4,1,3,1,1,1,2,1,1,1,1,1,2,1,3,3,1,2,4,2,1,1,1,1,2,2,42,2,4,2,2,2,1,3,1,3,3.0,1.0,1.0,2.0,1.0,2.0
286,288,1,2,3,1,3,1,1,2,2,1,1,1,1,1,1,1,3,3,1,2,4,1,1,1,1,1,3,2,36,3,4,3,2,2,1,4,4,3,3.0,2.0,1.0,2.0,1.0,1.0
287,289,1,2,2,1,5,1,1,2,2,1,1,1,1,1,2,3,5,4,1,3,5,1,4,1,1,1,5,2,52,3,5,3,3,2,1,4,2,5,5.0,3.0,1.0,2.0,1.0,1.0
288,290,1,1,4,1,4,1,1,2,3,2,1,1,1,1,2,2,3,3,1,2,5,1,2,1,1,1,3,1,33,3,3,2,3,2,1,3,2,4,3.0,2.0,1.0,2.0,1.0,2.0
289,291,2,2,2,1,4,1,1,2,2,1,1,1,1,1,1,2,4,3,1,3,4,2,2,1,1,1,3,3,45,2,4,3,3,2,1,5,2,3,4.0,2.0,1.0,2.0,1.0,2.0
290,292,1,1,4,1,4,1,1,2,2,1,1,1,1,1,1,1,3,4,1,2,6,2,6,1,1,1,6,1,35,5,3,3,4,2,1,5,1,5,4.0,2.0,1.0,2.0,1.0,2.0
291,293,1,1,5,1,5,1,1,3,2,1,1,1,1,1,2,4,4,5,1,6,5,3,3,1,1,1,4,4,47,2,6,3,1,2,1,5,3,5,5.0,4.0,1.0,2.0,1.0,2.0
292,294,1,2,4,1,6,1,1,1,1,1,1,1,1,1,2,1,6,6,1,1,6,1,1,1,1,1,6,6,40,2,6,6,6,2,1,6,1,6,6.0,2.0,1.0,2.0,1.0,1.0
293,295,2,1,4,1,5,1,1,2,3,1,1,1,1,1,1,2,5,5,1,2,6,1,2,1,1,1,4,3,38,2,5,2,3,2,1,6,2,5,5.0,2.0,1.0,2.0,1.0,1.0
294,296,2,2,2,1,3,1,1,3,2,2,1,1,1,1,4,2,3,4,1,3,5,2,2,1,1,1,3,2,47,3,3,2,3,2,1,5,2,3,3.0,2.0,1.0,2.0,1.0,2.0
295,297,1,1,2,1,5,1,1,2,2,1,1,1,1,1,2,2,4,5,1,4,5,2,3,1,1,1,4,4,44,3,5,3,4,1,1,4,4,4,4.0,3.0,1.0,2.0,1.0,2.0
296,298,1,1,5,1,5,1,1,3,3,1,1,1,1,1,2,4,4,5,1,6,5,3,3,1,1,1,4,4,47,2,6,3,1,2,1,5,3,5,5.0,4.0,1.0,2.0,1.0,2.0
297,299,1,2,4,1,5,1,1,1,4,1,1,1,1,1,2,1,5,5,1,3,6,1,2,1,1,1,5,3,34,3,5,1,3,2,1,6,1,5,5.0,2.0,1.0,3.0,1.0,1.0
298,300,1,1,2,1,3,1,1,3,3,1,1,1,1,1,2,3,4,4,1,4,5,1,3,1,1,1,3,3,48,4,4,3,3,1,1,4,3,4,4.0,3.0,1.0,3.0,1.0,1.0
299,301,1,2,2,1,4,1,1,3,4,1,1,1,1,1,1,2,3,3,1,4,5,1,3,1,1,1,3,3,38,4,4,4,3,2,1,4,1,3,3.0,3.0,1.0,3.0,1.0,1.0
300,302,1,2,2,1,4,1,1,3,4,1,1,1,1,1,1,2,3,3,1,4,5,1,3,1,1,1,3,3,38,4,4,4,3,2,1,4,1,3,3.0,3.0,1.0,3.0,1.0,1.0
301,303,1,2,3,1,4,1,1,2,4,3,1,1,1,1,1,2,3,4,1,2,5,2,2,1,1,1,5,2,34,4,3,2,3,2,1,6,2,4,4.0,2.0,1.0,3.0,1.0,2.0
302,304,2,2,1,1,4,1,1,3,3,1,1,1,1,1,2,2,4,3,1,4,5,2,2,1,1,3,4,4,51,4,4,3,2,2,1,5,2,4,4.0,3.0,1.0,3.0,1.0,2.0
303,305,3,2,2,1,5,1,1,3,4,1,1,1,1,1,1,3,5,3,1,3,6,3,3,1,1,1,5,3,40,3,4,3,3,2,1,5,3,5,4.0,3.0,1.0,3.0,1.0,2.0
304,306,2,2,2,1,5,1,1,3,2,3,1,1,1,1,0,3,5,4,1,3,5,3,3,1,1,1,4,3,44,4,5,4,3,1,1,5,3,5,5.0,3.0,1.0,3.0,1.0,3.0
305,307,2,1,2,1,5,1,1,3,3,2,1,1,1,1,2,3,4,3,1,5,6,3,3,1,1,1,4,3,45,4,3,5,2,2,1,6,4,5,4.0,4.0,1.0,3.0,1.0,2.0
306,308,3,2,1,1,2,1,1,2,3,3,1,1,1,1,1,2,3,2,1,3,5,3,3,1,1,1,3,3,27,3,3,2,4,1,1,6,2,2,2.0,2.0,1.0,3.0,1.0,3.0
307,309,3,1,5,1,6,1,1,2,3,2,1,1,1,1,2,2,6,6,1,4,6,2,2,1,1,1,6,4,45,3,6,4,1,1,1,6,2,6,6.0,3.0,1.0,3.0,1.0,2.0
308,310,2,1,4,1,5,1,1,3,4,2,1,1,1,1,2,2,5,5,1,4,5,3,3,1,1,1,4,3,47,4,5,5,3,2,1,5,4,5,5.0,4.0,1.0,3.0,1.0,2.0
309,311,3,1,2,1,5,1,1,4,3,3,1,1,1,1,2,4,5,5,1,4,5,2,4,1,1,1,5,3,35,3,5,4,2,2,1,4,4,5,5.0,4.0,1.0,3.0,1.0,2.0
310,312,1,2,6,1,5,1,1,2,4,1,1,1,1,1,1,2,4,5,1,5,5,3,2,1,1,1,5,5,26,5,3,3,3,2,1,4,2,6,5.0,3.0,1.0,4.0,1.0,2.0
311,313,1,2,6,1,5,1,1,2,4,1,1,1,1,1,1,2,4,5,1,5,5,3,2,1,1,1,5,5,26,5,3,3,3,2,1,4,2,6,5.0,3.0,1.0,4.0,1.0,2.0
312,314,4,1,4,1,5,1,1,3,3,1,1,1,1,1,1,3,5,6,1,3,5,3,3,1,1,1,5,5,27,3,5,3,2,2,1,5,2,6,5.0,3.0,1.0,4.0,1.0,2.0
313,315,4,1,4,1,5,1,1,3,3,1,1,1,1,1,1,3,5,6,1,3,5,3,3,1,1,1,5,5,27,3,5,3,2,2,1,5,2,6,5.0,3.0,1.0,4.0,1.0,2.0
314,316,1,1,5,1,4,1,1,3,4,2,1,1,1,1,1,3,4,5,1,3,6,3,3,1,1,1,3,5,33,4,4,3,2,2,1,4,3,4,4.0,3.0,1.0,4.0,1.0,2.0
315,317,3,1,4,1,5,1,1,3,4,3,1,1,1,1,2,3,5,5,1,3,4,3,3,1,1,1,4,3,47,3,5,3,4,2,1,5,3,4,5.0,3.0,1.0,3.0,1.0,3.0
316,318,3,2,3,1,5,1,1,2,4,1,1,1,1,1,1,2,4,5,1,3,5,3,2,1,1,1,3,4,23,5,5,3,3,1,1,5,3,5,4.0,2.0,1.0,4.0,1.0,2.0
317,319,3,2,4,1,5,1,1,3,4,2,1,1,1,1,1,3,4,4,1,5,4,2,3,1,1,1,5,4,32,4,4,3,2,1,1,4,3,4,4.0,3.0,1.0,4.0,1.0,2.0
318,320,3,2,4,1,4,1,1,4,3,3,1,1,1,1,2,3,3,5,1,4,4,3,3,1,1,1,5,4,53,4,5,3,5,2,1,1,4,3,4.0,4.0,1.0,4.0,1.0,3.0
319,321,3,2,4,1,4,1,1,4,3,3,1,1,1,1,2,3,3,5,1,4,4,3,3,1,1,1,5,4,53,4,5,3,5,2,1,1,4,3,4.0,4.0,1.0,4.0,1.0,3.0
320,322,2,2,3,1,4,1,1,3,4,3,1,1,1,1,2,3,4,4,1,4,5,3,3,1,1,1,4,4,44,4,5,5,2,2,1,6,3,5,4.0,4.0,1.0,4.0,1.0,3.0
321,323,2,2,3,1,4,1,1,3,4,3,1,1,1,1,2,3,4,4,1,4,5,3,3,1,1,1,4,4,44,4,5,5,2,2,1,6,3,5,4.0,4.0,1.0,4.0,1.0,3.0
322,324,4,1,2,1,5,1,1,2,4,2,1,1,1,1,3,2,4,4,1,4,6,3,3,1,1,1,5,4,55,4,5,4,6,2,1,6,4,5,5.0,3.0,1.0,4.0,1.0,2.0
323,325,4,2,4,1,5,1,1,2,4,2,1,1,1,1,2,2,5,5,1,3,6,4,2,1,1,1,5,5,37,4,5,3,2,2,1,6,5,5,5.0,3.0,1.0,4.0,1.0,3.0
324,326,4,2,4,1,5,1,1,3,4,3,1,1,1,1,1,3,4,4,1,3,6,3,3,1,1,1,4,4,48,4,4,3,2,2,1,5,3,5,4.0,3.0,1.0,4.0,1.0,3.0
325,327,1,2,4,1,6,1,1,4,4,4,1,1,1,1,2,4,6,5,1,6,6,5,5,1,1,1,6,5,54,5,4,5,1,2,1,5,4,6,6.0,5.0,1.0,4.0,1.0,4.0
326,328,1,2,4,1,6,1,1,4,4,4,1,1,1,1,2,4,6,5,1,6,6,5,5,1,1,1,6,5,54,5,4,5,1,2,1,5,4,6,6.0,5.0,1.0,4.0,1.0,4.0
327,329,4,1,3,1,3,1,1,3,4,4,1,1,1,1,2,3,5,5,1,4,6,4,3,1,1,1,5,4,48,4,5,3,4,2,1,4,3,5,5.0,3.0,1.0,4.0,1.0,4.0
328,330,4,1,1,1,6,1,1,4,5,1,1,1,1,1,2,5,5,4,1,6,5,4,3,1,1,1,5,5,50,6,4,3,1,2,1,6,3,5,5.0,4.0,1.0,5.0,1.0,2.0
329,331,4,1,3,1,5,1,1,3,5,4,1,1,1,1,1,3,5,5,1,3,6,5,3,1,1,1,4,4,44,5,5,5,3,2,1,6,5,5,5.0,4.0,1.0,4.0,1.0,4.0
330,332,4,2,5,1,5,1,1,4,5,4,1,1,1,1,2,4,5,5,1,5,5,5,3,1,1,1,5,5,40,5,4,5,3,2,1,4,4,4,5.0,4.0,1.0,5.0,1.0,4.0
331,333,4,1,1,1,6,1,1,4,5,5,1,1,1,1,2,5,5,4,1,5,5,4,3,1,1,1,5,5,50,6,4,3,1,2,1,6,3,5,5.0,4.0,1.0,5.0,1.0,4.0
332,334,5,1,1,1,5,1,1,5,5,5,1,1,1,1,2,5,5,5,1,5,6,5,5,1,1,1,5,5,43,5,5,5,1,2,1,6,5,5,5.0,5.0,1.0,5.0,1.0,5.0
333,335,5,2,3,1,5,1,1,5,6,4,1,1,1,1,4,5,6,5,1,6,6,5,5,1,1,1,5,5,42,6,5,4,1,2,1,6,5,6,5.0,5.0,1.0,6.0,1.0,4.0
334,336,6,1,3,1,6,1,1,5,6,5,1,1,1,1,1,5,6,6,1,5,6,2,5,1,1,1,6,6,38,6,6,6,1,2,1,6,5,6,6.0,5.0,1.0,6.0,1.0,4.0
335,337,1,2,4,1,4,2,1,3,2,1,1,1,1,1,2,2,4,4,1,2,5,2,2,1,1,1,3,3,29,3,5,2,2,2,1,5,2,4,4.0,2.0,1.0,2.0,2.0,2.0
336,338,2,1,3,1,3,2,1,3,2,1,1,1,1,1,2,3,3,3,1,2,5,2,2,1,1,1,4,2,52,3,5,3,3,2,1,3,3,4,4.0,3.0,1.0,2.0,2.0,2.0
337,339,2,1,1,1,5,2,1,2,3,2,1,1,1,1,2,2,4,3,1,3,5,4,3,1,1,2,5,3,40,3,3,3,3,2,1,4,2,4,4.0,2.0,1.0,3.0,2.0,3.0
338,340,3,1,4,1,3,1,1,2,2,2,1,1,2,1,2,2,4,3,1,3,5,3,2,1,1,1,4,3,34,3,3,4,3,2,1,5,3,4,4.0,3.0,1.0,3.0,2.0,2.0
339,341,3,2,2,1,4,2,1,4,4,1,1,1,1,1,1,3,4,3,1,5,6,1,5,1,1,1,4,3,33,3,4,4,1,2,1,5,3,4,4.0,4.0,1.0,3.0,2.0,1.0
340,342,2,2,4,1,2,2,1,2,3,2,1,1,1,1,1,2,3,4,1,3,6,3,3,1,1,1,3,4,38,4,4,4,2,2,1,5,3,4,3.0,3.0,1.0,3.0,2.0,2.0
341,343,3,2,5,1,5,2,1,3,4,3,1,1,1,1,1,2,5,5,1,3,6,4,3,1,1,1,5,3,35,4,5,3,2,2,1,6,4,5,5.0,3.0,1.0,4.0,2.0,4.0
342,344,4,2,1,1,5,2,1,2,4,2,1,1,1,1,2,2,5,5,1,3,6,3,4,1,1,1,5,4,58,4,5,3,3,2,1,6,4,5,5.0,3.0,1.0,4.0,2.0,2.0
343,345,3,1,4,1,5,2,1,4,4,3,1,1,1,1,2,2,4,4,1,3,5,4,4,1,1,1,4,4,44,5,4,4,2,2,1,5,3,5,4.0,3.0,1.0,4.0,2.0,4.0
344,346,2,1,3,1,5,2,1,1,3,2,1,1,2,1,2,1,3,3,1,2,6,3,2,1,1,1,5,3,44,3,3,2,3,2,1,5,2,4,4.0,2.0,1.0,3.0,2.0,2.0
345,347,4,2,4,1,4,3,1,3,2,1,1,1,1,1,4,2,4,4,1,4,5,4,4,1,1,1,4,4,52,3,4,4,2,2,1,5,3,4,4.0,3.0,1.0,3.0,2.0,2.0
346,348,3,2,4,1,5,3,1,4,3,2,1,1,1,1,1,2,5,5,1,2,5,4,3,1,1,1,5,3,29,3,5,4,2,2,1,5,3,5,5.0,3.0,1.0,3.0,2.0,3.0
347,349,4,2,1,1,5,3,1,2,2,1,1,1,1,1,2,2,4,5,1,3,6,4,2,1,1,1,4,4,63,4,4,2,3,2,1,6,3,4,4.0,2.0,1.0,4.0,2.0,2.0
348,350,3,1,4,1,5,2,1,4,3,3,1,1,2,1,1,3,5,5,1,4,6,2,5,1,1,1,5,3,40,3,5,5,4,2,1,6,4,5,5.0,4.0,1.0,3.0,2.0,2.0
349,351,3,1,4,1,5,2,1,3,4,3,1,1,2,1,1,3,5,5,1,4,5,4,3,1,1,1,4,4,44,4,4,4,2,1,1,5,3,5,5.0,3.0,1.0,4.0,2.0,4.0
350,352,4,2,2,1,4,2,1,3,4,3,1,1,2,1,1,3,4,4,1,3,5,2,3,1,1,1,4,4,28,4,4,4,3,2,1,5,3,4,4.0,3.0,1.0,4.0,2.0,2.0
351,353,3,1,4,1,5,2,1,3,5,2,1,1,2,1,4,3,5,5,1,5,6,4,4,1,1,1,5,4,52,5,5,5,2,2,1,5,3,5,5.0,4.0,1.0,4.0,2.0,3.0
352,354,2,1,4,1,6,4,1,3,4,1,1,1,1,1,2,3,5,5,1,4,6,3,4,1,1,1,6,4,50,3,6,5,1,2,1,5,2,5,6.0,4.0,1.0,3.0,2.0,2.0
353,355,3,2,4,1,4,3,1,3,4,2,1,1,2,1,2,2,4,3,1,3,4,4,3,1,1,1,3,3,62,4,4,3,2,2,1,4,4,4,4.0,3.0,1.0,4.0,2.0,3.0
354,356,4,1,1,1,4,2,1,4,6,3,1,1,3,1,1,3,3,3,1,3,5,4,4,1,1,1,4,5,40,6,4,3,2,1,1,5,4,3,4.0,4.0,1.0,5.0,2.0,4.0
355,357,1,2,4,1,4,5,1,5,4,4,1,1,1,1,2,4,4,3,1,4,5,5,5,1,1,1,4,1,47,5,4,3,3,2,1,5,4,4,4.0,4.0,1.0,3.0,3.0,4.0
356,358,1,2,1,1,5,3,1,3,4,3,1,1,3,1,2,3,5,5,1,3,4,3,3,1,1,1,5,4,40,4,3,3,1,1,1,6,3,6,5.0,3.0,1.0,3.0,3.0,3.0
357,359,4,1,3,1,5,5,1,3,3,3,1,1,1,1,2,3,5,4,1,3,5,4,3,1,1,1,4,3,48,4,3,3,1,2,1,4,3,5,4.0,3.0,1.0,4.0,3.0,4.0
358,360,3,1,3,1,5,1,1,4,5,3,1,1,3,1,1,3,5,5,1,5,6,5,4,1,1,1,5,4,23,5,5,5,1,2,1,6,5,5,5.0,4.0,1.0,4.0,2.0,4.0
359,361,4,1,4,1,4,4,1,2,2,2,1,1,3,1,1,2,3,5,1,3,6,2,2,1,1,1,3,4,33,3,4,3,2,2,1,5,3,5,4.0,2.0,1.0,3.0,4.0,2.0
360,362,1,1,2,1,4,1,1,1,1,1,1,1,1,2,2,1,4,4,1,2,5,1,1,1,1,2,4,1,44,2,4,2,3,2,1,4,1,4,4.0,1.0,1.0,1.0,1.0,1.0
361,363,3,2,4,1,4,1,1,2,3,3,1,1,1,2,0,2,4,4,1,5,6,4,5,1,1,1,4,3,30,3,4,5,2,2,1,6,4,4,4.0,4.0,1.0,3.0,1.0,4.0
362,364,4,2,2,1,5,1,1,2,2,3,1,1,1,2,2,3,3,3,1,3,4,3,2,1,1,1,3,4,47,5,4,3,2,2,1,5,4,4,4.0,3.0,1.0,4.0,1.0,3.0
363,365,3,1,4,1,3,2,1,2,4,2,1,1,1,2,1,2,5,4,1,2,6,4,3,1,1,1,5,4,25,5,5,4,2,2,1,5,4,5,4.0,3.0,1.0,4.0,2.0,3.0
364,366,5,2,3,1,6,3,1,4,5,4,1,1,2,2,2,3,6,6,1,4,6,5,4,1,1,2,6,5,35,5,6,6,3,2,1,6,5,6,6.0,4.0,1.0,5.0,2.0,4.0
365,367,4,2,3,1,5,3,1,2,4,2,1,1,3,2,2,2,4,4,1,5,6,3,3,1,1,1,5,6,34,5,4,4,3,1,1,5,3,3,4.0,3.0,1.0,5.0,3.0,2.0
366,368,4,2,4,1,5,4,1,4,4,3,1,1,4,2,1,4,5,5,1,3,6,4,3,1,1,1,5,4,28,4,6,4,2,2,1,6,4,6,5.0,4.0,1.0,4.0,4.0,4.0
367,369,2,2,2,2,4,1,1,2,2,1,1,1,1,2,1,2,3,3,1,4,4,1,2,2,1,1,3,2,30,2,3,3,4,1,1,3,3,3,3.0,3.0,1.0,2.0,1.0,1.0
368,370,2,2,3,2,3,2,1,1,2,1,1,1,1,2,1,1,3,3,1,2,3,2,2,1,2,1,2,2,28,2,3,2,2,2,1,3,1,3,3.0,2.0,1.0,2.0,2.0,2.0
369,371,1,1,3,1,4,2,1,2,1,1,1,1,2,1,1,2,4,4,2,2,4,1,3,2,1,1,4,2,24,2,4,2,2,2,1,5,1,4,4.0,2.0,1.0,2.0,2.0,1.0
370,372,3,1,3,3,5,2,1,3,4,2,1,1,2,3,2,3,5,4,1,5,5,4,3,1,1,2,3,3,35,4,5,4,2,2,1,5,4,5,4.0,4.0,1.0,4.0,2.0,3.0
371,373,3,2,3,1,5,3,1,4,5,2,1,1,2,3,1,3,5,5,1,5,6,4,3,1,1,1,5,5,22,5,5,5,1,2,1,5,5,5,5.0,4.0,1.0,4.0,2.0,3.0
372,374,1,2,4,2,3,1,1,2,1,1,2,1,1,2,1,2,2,2,1,2,2,1,2,2,1,1,2,1,53,2,2,3,1,2,1,3,1,1,2.0,2.0,1.0,1.0,1.0,1.0
373,375,1,1,1,1,4,1,1,3,1,1,1,1,1,2,2,3,4,3,1,2,5,1,3,2,2,2,3,1,48,2,4,2,3,2,1,4,2,4,4.0,2.0,1.0,1.0,1.0,1.0
374,376,2,2,3,1,3,2,1,3,3,1,1,1,3,2,1,2,3,4,1,2,3,3,2,2,2,1,2,3,24,2,3,2,3,2,1,4,3,3,3.0,2.0,1.0,2.0,2.0,2.0
375,377,1,1,3,1,1,1,1,1,1,1,1,1,1,1,2,1,1,3,3,1,4,1,1,1,1,4,1,1,34,3,3,1,3,2,3,1,1,1,2.0,1.0,2.0,2.0,1.0,1.0
376,378,1,1,3,1,1,1,1,1,1,1,1,1,1,1,2,1,1,3,3,1,4,1,1,1,1,4,1,1,34,3,3,1,3,2,3,1,1,1,2.0,1.0,2.0,2.0,1.0,1.0
377,379,2,1,2,1,4,1,1,3,2,2,1,1,1,2,2,1,3,3,1,2,4,2,4,2,2,1,4,3,39,3,3,2,2,2,2,3,2,3,3.0,2.0,2.0,2.0,1.0,2.0
378,380,2,1,3,2,4,2,2,3,3,2,1,1,2,1,1,3,4,4,2,4,6,2,2,2,2,1,4,4,28,3,4,4,3,2,1,5,2,5,4.0,3.0,2.0,3.0,2.0,2.0
379,381,1,2,4,1,6,1,2,1,1,1,1,1,1,1,1,1,5,4,1,1,6,1,1,2,2,1,3,2,47,2,4,1,1,2,3,6,1,6,5.0,1.0,2.0,2.0,1.0,1.0
380,382,1,1,3,3,3,1,1,2,1,2,1,1,1,3,2,2,3,4,1,2,3,2,2,2,3,3,3,1,49,2,4,2,2,2,1,3,2,4,4.0,2.0,2.0,1.0,1.0,2.0
381,383,4,2,4,2,4,2,2,3,5,3,2,1,1,2,1,3,4,4,2,3,4,4,3,2,2,2,4,4,23,4,4,3,2,2,2,3,3,5,4.0,3.0,2.0,4.0,2.0,4.0
382,384,5,2,2,1,3,2,2,3,5,2,1,1,2,2,2,3,3,3,2,3,3,2,3,2,3,1,3,3,40,4,3,3,3,1,2,3,3,3,3.0,3.0,2.0,4.0,2.0,2.0
383,385,1,2,4,3,2,1,1,2,1,1,1,1,1,3,4,2,2,2,1,2,2,1,2,3,3,1,2,1,64,1,3,2,3,2,3,4,2,1,2.0,2.0,2.0,1.0,1.0,1.0
384,386,2,2,3,2,5,4,2,2,4,2,2,1,4,3,2,2,5,5,2,2,6,1,2,2,3,1,5,3,47,3,5,3,2,2,3,5,2,5,5.0,2.0,2.0,3.0,4.0,2.0
385,387,3,1,5,1,4,1,4,5,2,1,1,1,2,1,1,2,3,3,3,2,2,1,6,3,3,1,5,3,27,3,4,2,3,2,4,4,1,5,4.0,3.0,3.0,3.0,2.0,1.0
386,388,3,1,3,2,5,4,1,4,3,3,1,1,3,4,2,3,6,5,3,4,5,1,3,4,4,1,5,5,55,4,6,6,3,2,2,5,2,5,5.0,4.0,3.0,4.0,4.0,2.0
387,389,3,1,3,2,5,4,1,4,3,3,1,1,3,4,2,3,6,5,3,4,5,1,3,4,4,1,5,5,55,4,6,6,3,2,2,5,2,5,5.0,4.0,3.0,4.0,4.0,2.0
388,390,6,1,3,1,6,1,3,4,6,5,2,1,1,2,1,4,6,6,4,6,6,3,4,4,2,1,6,6,55,6,6,6,4,2,3,6,1,6,6.0,4.0,3.0,6.0,1.0,4.0
389,391,1,2,2,5,4,1,3,3,1,1,1,1,1,5,2,2,4,4,1,1,5,1,2,3,3,5,3,1,50,2,4,3,3,2,6,4,1,2,4.0,2.0,3.0,1.0,1.0,1.0
390,392,1,2,4,3,3,1,4,2,1,1,4,1,1,3,0,2,2,2,4,2,5,2,2,4,4,3,4,1,44,1,3,2,3,1,4,2,1,2,3.0,2.0,4.0,1.0,1.0,2.0
391,393,5,2,3,2,6,5,6,2,3,2,6,1,2,2,2,2,5,2,5,4,5,6,2,5,5,2,3,3,38,4,3,4,2,2,2,3,2,5,4.0,3.0,4.0,4.0,4.0,4.0
392,395,1,1,4,1,1,1,1,2,1,1,1,2,1,1,2,2,2,1,1,1,1,1,3,1,1,1,1,1,55,1,2,3,6,2,1,1,2,1,1.0,2.0,1.0,1.0,1.0,1.0
393,396,1,1,4,1,3,1,1,3,1,1,1,2,1,1,2,3,3,3,1,3,4,1,3,1,1,1,3,1,42,1,3,3,3,2,1,4,3,3,3.0,3.0,1.0,1.0,1.0,1.0
394,397,1,1,3,1,4,1,1,3,1,1,1,2,1,1,2,3,3,4,1,3,6,1,3,1,1,1,5,1,42,1,4,3,3,2,1,4,3,3,4.0,3.0,1.0,1.0,1.0,1.0
395,399,1,1,2,1,3,1,1,2,1,2,1,2,1,1,2,1,5,4,1,2,6,1,1,1,1,1,3,1,37,2,4,3,2,2,1,6,3,5,4.0,2.0,1.0,1.0,1.0,2.0
396,400,1,1,4,1,3,1,1,3,1,1,1,2,1,1,2,3,3,3,1,3,5,2,3,1,1,1,3,2,44,2,3,3,3,2,1,4,3,3,3.0,3.0,1.0,2.0,1.0,2.0
397,401,1,2,5,1,4,1,1,3,1,1,1,2,1,1,1,3,4,5,1,3,5,1,3,1,1,1,3,1,23,3,4,3,2,2,1,4,3,5,4.0,3.0,1.0,2.0,1.0,1.0
398,402,1,1,4,1,3,1,1,2,1,1,1,2,1,1,2,2,3,3,1,2,3,1,2,1,1,1,4,1,46,4,5,2,1,1,1,1,2,2,3.0,2.0,1.0,2.0,1.0,1.0
399,403,1,2,3,1,4,1,1,2,1,1,1,2,1,1,2,2,3,4,1,2,5,1,2,1,1,1,3,2,26,3,3,2,6,2,1,6,2,5,4.0,2.0,1.0,2.0,1.0,1.0
400,404,1,1,4,1,5,1,1,2,2,1,1,2,1,1,2,2,5,5,1,4,5,1,1,1,1,1,5,2,53,2,4,2,4,2,1,4,1,5,5.0,2.0,1.0,2.0,1.0,1.0
401,405,1,1,2,1,5,1,1,2,2,1,1,2,1,1,2,1,6,5,1,3,5,2,2,1,1,1,5,2,32,2,4,3,2,2,1,6,2,5,5.0,2.0,1.0,2.0,1.0,2.0
402,406,1,2,4,1,3,1,1,3,1,1,1,2,1,1,1,3,2,2,1,4,4,1,3,1,1,1,3,2,35,3,3,3,3,2,1,3,3,3,3.0,3.0,1.0,2.0,1.0,1.0
403,407,1,1,4,1,4,1,1,4,1,1,1,2,1,1,4,3,4,4,1,3,5,2,4,1,1,1,4,2,53,3,4,4,4,2,1,5,3,4,4.0,4.0,1.0,2.0,1.0,2.0
404,408,1,1,4,1,4,1,1,4,1,1,1,2,1,1,4,3,4,4,1,3,5,2,4,1,1,1,4,2,53,3,4,4,4,2,1,5,3,4,4.0,4.0,1.0,2.0,1.0,2.0
405,409,1,2,3,1,5,1,1,3,2,1,1,2,1,1,1,3,4,4,1,4,5,2,3,1,1,1,4,2,36,3,6,2,4,2,1,6,2,5,5.0,3.0,1.0,2.0,1.0,2.0
406,410,2,1,4,1,4,1,1,4,2,1,1,2,1,1,2,2,3,4,1,2,5,1,4,1,1,1,4,2,37,2,4,4,2,2,1,5,2,3,4.0,3.0,1.0,2.0,1.0,1.0
407,411,1,1,2,1,5,1,1,2,2,1,1,2,1,1,1,1,6,6,1,3,5,2,1,1,1,1,6,3,24,3,4,4,2,2,1,6,3,6,6.0,2.0,1.0,2.0,1.0,2.0
408,412,1,1,4,1,4,1,1,2,3,1,1,2,1,1,1,2,4,4,1,4,5,1,2,1,1,1,4,2,35,3,4,4,2,2,1,5,2,4,4.0,3.0,1.0,2.0,1.0,1.0
409,413,1,1,1,1,5,1,1,2,2,2,1,2,1,1,1,2,5,6,1,4,6,2,2,1,1,1,6,3,26,2,4,4,3,2,1,5,3,5,5.0,3.0,1.0,2.0,1.0,2.0
410,414,3,2,3,1,5,1,1,3,1,1,1,2,1,1,2,2,5,5,1,3,5,2,3,1,1,1,5,3,43,2,6,5,1,2,1,5,3,5,5.0,3.0,1.0,2.0,1.0,2.0
411,415,1,2,4,1,5,1,1,3,2,1,1,2,1,1,2,3,4,4,1,4,5,2,4,1,1,1,5,3,40,3,4,3,2,2,1,4,4,4,4.0,4.0,1.0,2.0,1.0,2.0
412,416,3,2,3,1,4,1,1,5,2,1,1,2,1,1,2,3,5,5,1,3,5,3,6,1,1,1,3,2,53,2,4,5,3,2,1,3,1,4,4.0,4.0,1.0,2.0,1.0,2.0
413,417,2,2,2,1,3,1,1,2,2,2,1,2,1,1,4,2,3,3,1,3,5,2,2,1,1,1,3,2,45,3,3,3,3,2,1,5,3,3,3.0,2.0,1.0,2.0,1.0,2.0
414,418,2,2,2,1,3,1,1,2,2,2,1,2,1,1,4,2,3,3,1,3,5,2,2,1,1,1,3,2,45,3,3,3,3,2,1,5,3,3,3.0,2.0,1.0,2.0,1.0,2.0
415,419,1,1,3,1,4,1,1,2,3,1,1,2,1,1,2,2,4,4,1,3,6,2,2,1,1,2,3,3,49,3,3,3,4,2,1,5,3,4,4.0,2.0,1.0,2.0,1.0,2.0
416,420,1,1,1,1,5,1,1,2,2,2,1,2,1,1,2,2,5,5,1,4,5,2,2,1,1,1,5,3,38,3,4,4,2,2,1,5,3,5,5.0,3.0,1.0,2.0,1.0,2.0
417,421,1,2,6,1,5,1,1,3,1,1,1,2,1,1,2,3,5,5,1,3,6,3,6,1,1,1,5,4,39,4,6,2,5,2,1,5,2,5,5.0,3.0,1.0,2.0,1.0,2.0
418,422,2,1,1,1,5,1,1,3,2,2,1,2,1,1,2,2,5,5,1,4,5,2,3,1,1,1,4,3,46,3,4,3,2,2,1,5,2,5,5.0,3.0,1.0,2.0,1.0,2.0
419,423,1,2,3,1,5,1,1,3,2,2,1,2,1,1,2,3,4,5,1,4,3,2,4,1,1,1,5,3,35,4,5,4,3,2,1,4,4,4,5.0,4.0,1.0,2.0,1.0,2.0
420,424,1,2,4,1,3,1,1,2,3,3,1,2,1,1,2,2,3,4,1,3,5,3,2,1,1,1,3,3,36,3,4,2,4,2,1,5,3,3,3.0,2.0,1.0,2.0,1.0,3.0
421,425,2,1,1,1,5,1,1,2,3,2,1,2,1,1,1,2,5,5,1,4,5,2,2,1,1,1,4,3,30,3,4,4,3,2,1,5,3,5,5.0,3.0,1.0,3.0,1.0,2.0
422,426,2,2,3,1,6,1,1,3,2,2,1,2,1,1,4,3,6,6,1,3,6,3,3,1,1,1,5,3,47,4,5,3,2,2,1,6,2,6,6.0,3.0,1.0,3.0,1.0,2.0
423,427,1,2,3,1,4,1,1,2,4,1,1,2,1,1,1,2,4,4,1,5,5,1,2,1,1,1,4,3,24,4,4,4,2,2,1,4,3,4,4.0,3.0,1.0,3.0,1.0,1.0
424,428,1,2,3,1,4,1,1,2,4,1,1,2,1,1,1,2,4,4,1,5,5,1,2,1,1,1,4,3,24,4,4,4,2,2,1,4,3,4,4.0,3.0,1.0,3.0,1.0,1.0
425,429,4,1,4,1,5,1,1,3,1,1,1,2,1,1,2,4,5,5,1,4,5,3,4,1,1,1,5,4,52,3,5,5,3,2,1,5,3,5,5.0,4.0,1.0,3.0,1.0,2.0
426,430,2,2,4,1,4,1,1,2,2,2,1,2,1,1,2,2,3,4,1,3,5,1,2,1,1,1,4,4,43,4,4,3,3,2,1,5,2,4,4.0,2.0,1.0,3.0,1.0,2.0
427,431,2,2,4,1,4,1,1,2,2,2,1,2,1,1,2,2,3,4,1,3,5,1,2,1,1,1,4,4,43,4,4,3,3,2,1,5,2,4,4.0,2.0,1.0,3.0,1.0,2.0
428,432,1,2,4,1,4,1,1,3,3,2,1,2,1,1,4,2,4,4,1,3,5,3,3,1,1,1,4,4,43,4,4,3,3,2,1,5,2,4,4.0,3.0,1.0,3.0,1.0,2.0
429,433,2,1,2,1,5,1,1,3,3,3,1,2,1,1,1,3,3,4,1,5,6,3,3,1,1,1,3,3,24,3,3,4,3,2,1,5,3,4,4.0,4.0,1.0,3.0,1.0,3.0
430,434,2,2,1,1,3,1,1,4,3,4,1,2,1,1,2,3,5,4,1,5,4,3,3,1,1,1,4,2,41,3,3,3,3,2,1,3,4,4,4.0,4.0,1.0,2.0,1.0,4.0
431,435,1,2,3,1,5,1,1,4,4,4,1,2,1,1,4,4,5,5,1,5,6,1,5,1,1,1,5,2,58,3,5,5,1,2,1,5,4,5,5.0,4.0,1.0,2.0,1.0,2.0
432,436,2,1,4,1,3,1,1,3,3,2,1,2,1,1,1,3,3,3,1,3,5,4,4,1,1,1,3,3,44,5,3,2,3,2,1,3,2,3,3.0,3.0,1.0,3.0,1.0,3.0
433,437,1,1,4,1,4,1,1,3,4,2,1,2,1,1,1,2,4,5,1,2,5,3,3,1,1,2,5,5,30,4,6,3,5,2,1,5,2,4,5.0,2.0,1.0,4.0,1.0,2.0
434,438,2,2,1,1,5,1,1,2,4,2,1,2,1,1,2,2,5,5,1,4,4,3,3,1,1,1,5,4,36,4,5,4,3,2,1,4,4,5,5.0,3.0,1.0,4.0,1.0,2.0
435,439,4,2,4,1,5,1,1,3,3,1,1,2,1,1,2,3,5,5,1,3,5,4,3,1,1,1,5,4,48,4,5,5,3,2,1,5,3,5,5.0,3.0,1.0,4.0,1.0,2.0
436,440,2,2,3,1,5,1,1,2,4,2,1,2,1,1,2,2,5,5,1,2,6,3,2,1,1,1,5,5,52,4,5,2,3,2,1,6,1,5,5.0,2.0,1.0,4.0,1.0,2.0
437,441,2,2,3,1,5,1,1,3,3,2,1,2,1,1,2,3,5,5,1,5,6,3,2,1,1,1,5,4,47,6,5,4,1,2,1,6,3,5,5.0,3.0,1.0,4.0,1.0,2.0
438,442,3,1,3,1,5,1,1,3,3,3,1,2,1,1,2,3,5,3,1,4,5,2,3,1,1,1,5,3,50,5,5,3,2,2,1,4,5,4,4.0,4.0,1.0,4.0,1.0,2.0
439,443,3,1,4,1,3,1,1,4,3,3,1,2,1,1,1,4,3,3,1,5,5,4,4,1,1,1,3,3,44,5,3,3,2,2,1,3,3,3,3.0,4.0,1.0,4.0,1.0,4.0
440,444,4,1,3,1,4,1,1,2,4,2,1,2,1,1,1,2,4,4,1,3,5,2,3,1,1,1,4,4,32,4,4,3,2,1,1,4,2,4,4.0,2.0,1.0,4.0,1.0,2.0
441,445,3,2,4,1,4,1,1,3,4,2,1,2,1,1,2,3,3,3,1,3,6,2,4,1,1,1,4,5,32,4,4,3,3,2,1,6,3,4,4.0,3.0,1.0,4.0,1.0,2.0
442,446,3,1,0,1,3,1,1,3,4,4,1,2,1,1,1,3,3,4,1,5,4,4,3,1,1,1,5,3,31,4,5,4,4,2,1,4,3,5,4.0,4.0,1.0,4.0,1.0,4.0
443,447,4,1,4,1,4,1,1,4,3,3,1,2,1,1,1,3,4,4,1,3,4,3,4,1,1,1,4,4,48,4,4,4,2,2,1,4,4,4,4.0,4.0,1.0,4.0,1.0,3.0
444,448,2,2,4,1,6,1,1,3,5,2,1,2,1,1,2,3,5,5,1,4,5,5,4,1,1,1,6,5,41,4,5,5,2,2,1,6,4,5,5.0,4.0,1.0,4.0,1.0,4.0
445,449,4,2,3,1,5,1,1,5,3,3,1,2,1,1,2,4,5,5,1,4,5,4,4,1,1,1,5,4,62,4,5,5,4,2,1,6,4,5,5.0,4.0,1.0,4.0,1.0,4.0
446,450,1,2,4,1,5,1,1,5,5,2,1,2,1,1,2,5,5,5,1,5,5,4,5,1,1,1,5,5,35,5,5,5,1,2,1,5,5,5,5.0,5.0,1.0,4.0,1.0,3.0
447,451,4,2,3,1,6,1,1,6,4,3,1,2,1,1,1,6,6,6,1,6,6,4,6,1,1,1,6,3,21,4,6,6,1,2,1,6,6,6,6.0,6.0,1.0,4.0,1.0,4.0
448,452,2,2,4,1,6,1,1,2,5,3,1,2,1,1,2,2,6,6,1,3,5,4,3,1,1,1,5,5,27,4,5,4,3,2,1,5,3,5,6.0,3.0,1.0,4.0,1.0,4.0
449,453,2,2,2,1,6,1,1,3,5,3,1,2,1,1,2,3,4,5,1,4,5,3,4,1,1,1,5,5,32,5,4,5,3,2,1,5,4,5,5.0,4.0,1.0,4.0,1.0,3.0
450,454,3,2,4,1,4,1,1,4,5,4,1,2,1,1,3,4,4,4,1,5,4,2,4,1,1,1,4,4,43,4,4,4,1,2,1,4,4,5,4.0,4.0,1.0,4.0,1.0,3.0
451,455,4,2,3,1,6,1,1,5,5,2,1,2,1,1,1,5,5,6,1,5,6,4,5,1,1,1,5,6,39,4,6,5,3,2,1,6,4,6,6.0,5.0,1.0,5.0,1.0,3.0
452,456,5,1,4,1,6,1,1,3,4,2,1,2,1,1,4,3,6,6,1,4,6,2,3,1,1,1,5,6,47,5,6,5,2,2,1,5,4,6,6.0,4.0,1.0,5.0,1.0,2.0
453,457,5,1,4,1,6,1,1,3,4,2,1,2,1,1,4,3,6,6,1,4,6,2,3,1,1,1,5,6,47,5,6,5,2,2,1,5,4,6,6.0,4.0,1.0,5.0,1.0,2.0
454,458,5,1,0,1,6,1,1,3,4,2,1,2,1,1,0,3,6,6,1,4,6,2,3,1,1,1,5,6,47,5,6,5,2,2,1,5,4,6,6.0,4.0,1.0,5.0,1.0,2.0
455,459,5,2,0,1,4,1,1,3,4,4,1,2,1,1,0,3,3,5,1,4,6,5,4,1,1,1,3,5,36,5,4,4,2,2,1,5,3,4,4.0,4.0,1.0,5.0,1.0,4.0
456,460,5,2,3,1,4,1,1,3,4,4,1,2,1,1,0,3,3,5,1,4,6,5,4,1,1,1,3,5,36,5,4,4,2,2,1,5,3,4,4.0,4.0,1.0,5.0,1.0,4.0
457,461,5,1,4,1,5,1,1,4,5,3,1,2,1,1,1,4,5,5,1,5,5,1,5,1,1,1,5,5,35,5,5,4,4,1,1,4,2,4,5.0,4.0,1.0,5.0,1.0,2.0
458,462,5,2,4,1,5,1,1,3,4,4,1,2,1,1,1,4,5,5,1,4,6,3,5,1,1,1,5,5,53,5,5,5,2,2,1,5,3,5,5.0,4.0,1.0,5.0,1.0,4.0
459,463,5,2,4,1,5,1,1,3,4,4,1,2,1,1,1,4,5,5,1,4,6,3,5,1,1,1,5,5,53,5,5,5,2,2,1,5,3,5,5.0,4.0,1.0,5.0,1.0,4.0
460,464,4,1,1,1,6,1,1,5,5,5,1,2,1,1,4,4,5,5,1,5,5,5,5,1,1,1,5,4,51,5,5,5,1,2,1,6,5,6,5.0,5.0,1.0,4.0,1.0,5.0
461,465,5,2,4,1,5,1,1,5,5,5,1,2,1,1,2,5,5,5,1,5,6,4,5,1,1,1,5,5,35,5,5,5,3,2,1,5,4,5,5.0,5.0,1.0,5.0,1.0,4.0
462,466,5,1,4,1,5,1,1,5,5,5,1,2,1,1,4,5,5,5,1,5,6,5,5,1,1,1,5,5,42,5,5,5,1,2,1,6,5,5,5.0,5.0,1.0,5.0,1.0,5.0
463,467,5,1,2,1,5,1,1,4,5,5,1,2,1,1,1,3,5,4,1,6,5,5,4,1,1,1,5,5,24,6,5,6,3,2,1,6,5,5,5.0,5.0,1.0,5.0,1.0,5.0
464,468,6,1,4,1,4,1,1,4,6,3,1,2,1,1,2,4,3,4,1,4,6,4,3,1,1,1,4,6,37,6,4,6,1,2,1,6,6,3,4.0,4.0,1.0,6.0,1.0,4.0
465,469,5,2,4,1,6,1,1,6,6,6,1,2,1,1,2,6,6,6,1,6,6,6,6,1,1,1,6,6,34,6,6,6,2,2,1,6,5,6,6.0,6.0,1.0,6.0,1.0,6.0
466,470,1,2,4,1,4,2,1,3,2,1,1,2,1,1,2,3,3,3,1,3,4,2,3,1,1,1,4,3,35,3,4,3,1,2,1,4,3,4,4.0,3.0,1.0,2.0,2.0,2.0
467,471,1,1,3,1,5,2,1,1,1,1,1,2,1,1,2,2,2,3,1,2,6,2,1,1,1,1,3,4,37,5,2,5,3,2,1,5,2,5,3.0,2.0,1.0,3.0,2.0,2.0
468,472,1,1,3,1,5,2,1,1,1,1,1,2,1,1,2,2,2,3,1,2,6,2,1,1,1,1,3,4,37,5,2,5,3,2,1,5,2,5,3.0,2.0,1.0,3.0,2.0,2.0
469,473,3,2,4,1,5,1,1,2,3,2,1,2,2,1,1,2,5,5,1,3,5,2,2,1,1,1,5,3,40,3,5,3,2,2,1,5,3,5,5.0,2.0,1.0,3.0,2.0,2.0
470,474,1,1,1,1,5,2,1,3,3,3,1,2,1,1,2,3,5,4,1,4,6,3,3,1,1,1,5,4,37,5,5,4,3,2,1,5,3,5,5.0,3.0,1.0,3.0,2.0,3.0
471,475,3,1,2,1,3,2,1,4,3,3,1,2,1,1,2,3,3,4,1,3,4,4,3,1,1,1,4,4,42,4,3,4,2,2,1,4,3,4,4.0,3.0,1.0,4.0,2.0,4.0
472,476,3,2,4,1,5,2,1,3,5,2,1,2,1,1,1,3,4,5,1,4,6,3,3,1,1,1,4,5,36,3,5,5,2,2,1,5,3,5,5.0,4.0,1.0,4.0,2.0,2.0
473,477,3,2,3,1,5,2,1,5,3,2,1,2,1,1,2,5,5,6,1,5,6,3,5,1,1,3,6,5,39,5,5,5,1,2,1,6,5,5,5.0,5.0,1.0,4.0,2.0,2.0
474,478,4,1,4,1,3,2,1,3,5,1,1,2,1,1,2,2,4,4,1,4,5,4,4,1,1,1,4,5,36,6,4,2,1,1,1,4,2,3,4.0,3.0,1.0,5.0,2.0,2.0
475,479,3,1,4,1,6,1,1,6,6,5,1,2,2,1,2,5,5,6,1,5,6,6,5,1,1,1,6,5,33,4,6,6,2,2,1,6,5,5,6.0,5.0,1.0,4.0,2.0,6.0
476,480,4,2,3,1,6,2,1,6,6,4,1,2,1,1,1,6,6,6,1,6,6,5,6,1,1,1,6,5,28,5,6,6,1,2,1,6,6,6,6.0,6.0,1.0,5.0,2.0,4.0
477,481,1,1,2,1,5,2,1,2,3,1,1,2,2,1,1,2,5,6,1,2,6,2,2,1,1,1,4,3,46,4,5,3,2,2,1,6,2,5,5.0,2.0,1.0,3.0,2.0,2.0
478,482,1,1,2,1,5,2,1,3,2,2,1,2,2,1,0,2,4,4,1,3,6,2,3,1,1,1,4,3,52,4,4,3,2,2,1,5,2,4,4.0,3.0,1.0,2.0,2.0,2.0
479,483,1,2,2,1,3,2,1,2,3,1,1,2,2,1,1,2,3,3,1,4,5,2,3,1,1,1,4,4,25,3,3,3,2,2,1,4,3,3,3.0,3.0,1.0,3.0,2.0,2.0
480,484,2,1,3,1,5,2,1,2,3,1,1,2,2,1,2,2,5,5,1,3,5,4,3,1,1,1,4,5,55,3,4,4,5,2,1,5,2,5,5.0,3.0,1.0,3.0,2.0,2.0
481,485,4,2,4,2,5,2,1,3,3,3,1,2,2,1,2,2,4,5,1,3,2,3,3,1,1,1,5,4,42,4,4,3,2,2,1,4,2,5,5.0,3.0,1.0,4.0,2.0,3.0
482,486,4,1,4,1,6,2,1,5,5,4,1,2,2,1,1,5,6,6,1,6,5,5,5,1,1,1,6,5,30,4,6,5,2,2,1,6,5,6,6.0,5.0,1.0,4.0,2.0,4.0
483,487,5,1,1,1,6,2,1,4,5,4,1,2,2,1,2,4,6,6,1,4,6,5,4,1,1,2,6,4,40,5,6,5,2,2,1,5,4,6,6.0,4.0,1.0,5.0,2.0,4.0
484,488,5,2,3,1,6,2,1,6,6,6,1,2,2,1,1,6,6,6,1,6,5,6,6,1,1,1,6,6,24,6,6,6,1,2,1,6,6,6,6.0,6.0,1.0,6.0,2.0,6.0
485,489,6,2,2,1,6,2,1,6,6,6,1,2,2,1,2,6,6,6,1,6,6,6,6,1,1,1,6,6,63,6,6,6,1,2,1,6,6,6,6.0,6.0,1.0,6.0,2.0,6.0
486,490,3,1,4,1,5,3,1,4,3,4,1,2,2,1,1,4,5,6,1,4,6,4,4,1,1,1,5,4,44,4,6,5,3,2,1,5,3,5,5.0,4.0,1.0,4.0,2.0,4.0
487,491,1,1,1,1,5,3,1,1,3,3,1,2,3,1,2,1,5,5,1,3,6,2,1,1,1,1,5,3,44,3,5,5,1,2,1,4,1,5,5.0,2.0,1.0,2.0,3.0,2.0
488,492,5,1,1,1,5,2,1,3,5,3,1,2,4,1,1,4,4,5,1,4,5,3,3,1,1,1,4,5,27,5,5,4,3,2,1,5,3,5,5.0,4.0,1.0,5.0,3.0,3.0
489,493,3,2,4,1,6,4,1,2,6,1,1,2,4,1,1,2,5,4,1,2,5,2,2,1,1,1,3,6,34,6,3,2,1,2,1,3,2,4,4.0,2.0,1.0,5.0,4.0,2.0
490,494,3,2,4,1,6,4,1,2,6,1,1,2,4,1,1,2,5,4,1,2,5,2,2,1,1,1,3,6,34,6,3,2,1,2,1,3,2,4,4.0,2.0,1.0,5.0,4.0,2.0
491,495,3,2,4,1,2,1,1,4,2,1,1,2,1,2,2,4,2,2,1,4,5,3,4,1,1,1,2,3,42,3,2,4,5,2,1,4,4,2,2.0,4.0,1.0,3.0,1.0,2.0
492,496,2,1,3,1,4,1,1,3,3,2,1,2,1,1,2,3,3,3,1,3,5,2,3,2,1,1,4,3,53,3,3,3,2,2,1,5,3,4,4.0,3.0,1.0,3.0,1.0,2.0
493,497,3,2,3,1,5,1,1,3,2,2,1,2,1,1,2,2,5,5,1,4,6,2,3,1,1,1,5,4,37,4,5,5,2,2,2,5,3,5,5.0,3.0,1.0,3.0,1.0,2.0
494,498,4,1,3,1,5,1,1,4,5,4,1,2,1,1,1,4,5,4,2,6,6,4,3,1,1,1,3,4,25,5,5,5,3,2,1,6,4,4,4.0,4.0,1.0,4.0,1.0,4.0
495,499,2,1,4,1,5,2,1,2,3,2,1,2,2,1,1,3,5,5,1,4,5,2,3,1,1,1,4,3,38,4,5,5,4,2,2,5,2,5,5.0,3.0,1.0,3.0,2.0,2.0
496,500,3,1,2,1,6,2,1,4,4,4,1,2,2,1,1,4,6,6,1,4,6,4,5,2,1,1,5,5,29,5,6,4,2,2,1,5,4,6,6.0,4.0,1.0,4.0,2.0,4.0
497,501,6,2,3,1,5,2,1,6,5,4,1,2,2,1,1,5,5,6,1,6,6,6,5,1,1,1,6,5,35,6,5,5,1,2,2,5,5,6,6.0,5.0,1.0,6.0,2.0,5.0
498,502,3,1,4,1,5,2,1,5,5,2,1,2,5,1,2,5,5,5,1,5,3,5,5,1,2,1,5,5,43,6,5,5,3,2,1,5,5,5,5.0,5.0,1.0,5.0,4.0,4.0
499,503,2,2,4,1,5,1,1,3,3,2,1,2,1,1,1,3,5,5,1,3,6,3,3,1,1,1,5,1,41,1,5,5,1,2,3,5,3,5,5.0,3.0,1.0,2.0,1.0,2.0
500,504,2,1,4,2,6,1,1,2,3,1,1,2,1,1,1,2,6,6,2,3,6,1,2,2,1,3,6,3,39,4,6,6,3,2,1,4,2,6,6.0,3.0,1.0,3.0,1.0,1.0
501,505,3,2,3,1,3,1,1,5,3,2,1,2,1,2,1,4,2,3,1,5,4,3,5,1,2,1,4,3,41,4,4,6,5,2,1,4,6,3,3.0,5.0,1.0,3.0,1.0,2.0
502,506,2,2,4,1,4,2,1,3,2,2,1,2,1,1,1,2,3,4,1,3,5,2,3,2,2,1,5,3,34,4,4,3,2,2,1,4,2,4,4.0,3.0,1.0,3.0,2.0,2.0
503,507,6,1,2,1,5,3,1,3,5,3,1,2,2,1,2,3,4,6,1,4,6,4,3,1,1,1,4,4,42,4,5,5,2,2,3,5,3,6,5.0,4.0,1.0,5.0,2.0,4.0
504,508,2,2,4,1,5,3,2,4,5,3,1,2,4,1,1,4,5,5,2,5,6,3,4,1,1,1,4,5,24,4,5,5,2,2,1,4,5,5,5.0,4.0,1.0,4.0,4.0,3.0
505,509,5,1,3,1,5,5,1,3,3,3,1,2,4,1,2,3,5,5,2,4,5,3,3,2,1,2,5,5,65,4,5,4,4,2,1,4,3,5,5.0,3.0,1.0,4.0,4.0,3.0
506,510,4,1,3,1,6,1,1,5,6,2,1,2,1,2,1,5,5,5,1,5,6,4,5,1,1,1,6,4,26,4,6,5,2,2,3,4,6,6,6.0,5.0,1.0,4.0,1.0,3.0
507,511,1,2,1,1,4,2,1,2,2,1,1,2,2,2,1,1,4,4,1,2,5,1,2,2,2,1,3,3,30,3,4,2,3,2,2,4,1,4,4.0,2.0,2.0,2.0,2.0,1.0
508,512,3,2,1,2,4,5,1,3,4,3,1,2,5,3,1,4,5,4,1,3,6,2,4,3,2,1,5,4,56,3,4,4,4,2,2,6,4,5,4.0,4.0,2.0,4.0,5.0,2.0
509,513,1,1,4,3,1,1,2,1,1,1,1,2,1,1,1,1,3,3,1,1,5,1,1,3,2,1,2,1,40,1,4,1,3,2,4,4,1,4,3.0,1.0,2.0,1.0,1.0,1.0
510,514,3,2,4,2,4,2,2,2,4,2,2,2,2,2,1,3,4,5,2,2,4,3,2,2,2,2,4,4,29,3,5,3,3,2,2,4,2,4,4.0,2.0,2.0,4.0,2.0,2.0
511,515,3,2,4,2,4,2,2,2,4,2,2,2,2,2,1,3,4,5,2,2,4,3,2,2,2,2,4,4,29,3,5,3,3,2,2,4,2,4,4.0,2.0,2.0,4.0,2.0,2.0
512,516,3,1,3,3,5,3,3,3,3,3,3,2,3,3,1,3,5,6,3,3,5,3,3,3,3,3,5,3,32,3,6,3,3,2,3,4,3,5,5.0,3.0,3.0,3.0,3.0,3.0
513,517,3,1,4,4,5,2,5,5,3,2,6,2,1,4,1,2,5,4,5,1,3,2,1,5,5,3,4,3,25,5,4,2,3,2,4,3,1,5,4.0,2.0,5.0,4.0,2.0,2.0
514,518,4,2,2,1,3,4,5,4,1,1,5,2,4,5,1,3,2,3,5,2,3,4,4,5,5,1,5,4,42,1,5,1,3,2,5,3,1,3,4.0,2.0,5.0,2.0,4.0,2.0
