,Leadersex,Intelligent,Trustworthy,Efficient,Skilful,Pity,Typeofcompany,Replacementleader,Disgusted,Responsaatribu,Proud,Hateful,Capable,Resentful,Wellintentioned,Inspired,Sincere,Frustrated,Simpaty,Respectful,Molestia,Assessmentleader,Confident,Friendly,Goodnatured,Participantsex,Envious,Uneasy,Angry,Levelofeducation,Ashamed,Desprecio,Age,Jealous,Warm,Admiring,Maritalstatus,Competent
0,1,2,1,4,4,1,1,4,1,5,1,1,4,1,1,1,1,1,1,1,1,6,4,1,1,1,1,1,1,1,1,1,53,1,1,1,2,4
1,1,5,3,6,5,1,1,1,1,6,1,1,5,1,2,1,2,1,2,1,1,6,4,2,1,1,1,1,1,4,1,1,39,1,1,1,1,4
2,1,3,3,3,3,1,1,2,1,4,1,1,3,1,3,1,3,1,1,1,1,5,3,3,3,1,1,1,1,3,1,1,24,1,3,1,1,3
3,1,3,3,4,3,1,1,3,1,4,1,1,4,1,3,1,3,1,1,1,1,5,3,3,3,1,1,1,1,3,1,1,24,1,3,1,1,4
4,1,3,2,3,3,1,1,3,1,3,1,1,3,1,4,1,2,1,1,1,1,4,3,4,4,2,1,1,1,1,1,1,48,1,1,2,2,3
5,1,3,2,4,3,1,1,1,1,6,1,1,3,1,1,1,1,1,1,3,1,6,3,2,1,2,1,1,1,3,1,1,45,1,1,1,2,3
6,1,3,2,4,3,1,1,4,1,5,1,1,4,1,2,1,2,1,1,2,1,6,4,2,2,1,1,1,1,3,1,1,50,1,2,2,4,4
7,1,4,3,5,4,1,1,4,1,6,1,1,5,1,4,2,1,1,2,2,1,6,4,2,1,1,1,1,1,3,1,1,49,1,1,1,2,5
8,1,4,3,4,4,1,1,4,1,6,1,1,3,1,3,1,3,1,2,2,1,5,4,3,3,2,1,1,1,1,1,1,40,1,3,2,1,4
9,1,4,3,4,4,1,1,2,1,5,1,1,4,1,3,1,3,1,1,2,1,5,4,3,3,1,1,1,1,4,1,1,42,1,3,2,2,4
10,1,2,2,3,3,1,1,4,1,4,1,1,3,1,2,2,2,1,2,2,1,5,3,2,2,1,1,1,1,3,1,1,42,1,2,2,2,3
11,1,3,2,3,3,1,1,3,1,4,1,1,3,1,3,2,2,1,2,2,1,5,3,2,2,2,1,2,1,2,1,1,43,1,2,1,1,3
12,1,4,2,3,3,1,1,2,1,3,1,1,3,1,3,1,2,1,1,3,1,3,3,3,2,2,1,1,1,5,1,1,30,1,2,2,1,3
13,1,3,3,3,4,1,1,2,1,4,1,1,4,1,3,2,2,1,3,2,1,4,3,2,2,1,1,1,1,3,1,1,47,1,2,2,2,4
14,1,2,2,2,2,1,1,5,1,3,2,1,3,1,3,1,3,1,2,2,1,5,3,2,3,2,1,2,1,2,1,1,39,1,2,1,2,2
15,1,2,2,2,2,1,1,5,1,3,2,1,3,1,3,1,3,1,2,2,1,5,3,2,3,2,1,2,1,0,1,1,39,1,2,1,2,2
16,1,4,3,4,4,1,1,1,1,6,1,1,4,1,3,2,3,1,1,2,1,6,5,2,3,2,1,1,1,1,1,1,49,1,3,2,4,3
17,1,3,2,4,4,1,1,4,1,4,2,1,4,1,2,2,2,1,1,2,1,5,4,2,2,2,1,1,1,3,1,1,47,1,1,2,2,4
18,1,3,2,3,3,1,1,4,1,4,1,1,1,1,3,2,2,1,2,2,1,5,4,3,2,2,1,2,1,3,1,1,37,1,1,2,1,3
19,1,3,2,3,3,1,1,3,1,4,1,1,4,1,2,2,2,1,2,2,1,4,4,3,2,1,1,2,1,2,1,1,40,1,2,2,2,3
20,1,5,3,4,4,1,1,2,1,5,1,1,3,1,3,2,3,1,2,2,1,6,3,2,2,2,1,2,1,2,1,1,46,1,2,2,2,3
21,1,4,3,4,4,1,1,2,1,5,1,1,4,1,4,2,3,1,2,3,1,5,5,2,2,2,1,1,1,2,1,1,27,1,2,2,1,4
22,1,4,4,3,4,1,1,3,1,4,1,1,4,1,4,1,4,1,3,2,1,4,3,2,2,1,1,2,1,5,1,1,46,1,3,3,2,4
23,1,4,2,4,4,1,1,1,1,4,1,1,4,1,2,2,2,1,1,3,1,5,5,3,2,2,1,1,1,2,1,1,41,1,2,3,2,4
24,1,3,3,4,4,1,1,3,1,5,2,1,3,1,3,2,3,1,2,3,1,5,4,1,2,1,1,1,1,4,1,1,41,1,2,2,2,4
25,1,4,3,4,3,1,1,2,1,3,1,1,3,1,3,2,2,1,2,2,1,4,3,3,2,2,1,2,1,2,1,1,35,1,2,3,2,3
26,1,4,3,3,4,1,1,3,1,6,1,1,3,1,3,3,3,1,2,3,1,6,3,3,3,2,1,2,1,3,1,1,36,1,2,1,2,3
27,1,3,3,3,3,1,1,2,1,4,2,1,3,1,3,2,3,1,2,2,1,4,3,3,3,2,1,2,1,1,1,1,50,1,3,2,4,3
28,1,4,3,5,4,1,1,1,1,6,1,1,4,1,3,3,3,1,1,4,1,4,5,3,3,2,1,1,1,5,1,1,41,1,3,1,2,5
29,1,4,3,5,4,1,1,1,1,6,1,1,4,1,3,3,3,1,1,4,1,4,5,3,3,2,1,1,1,5,1,1,41,1,3,1,2,5
30,1,3,5,5,5,1,1,1,1,6,1,1,3,1,4,1,4,1,2,2,1,6,4,3,3,1,1,3,1,4,1,1,55,1,2,3,1,4
31,1,4,4,4,4,1,1,1,1,4,2,1,4,1,3,2,4,1,2,3,1,4,4,4,4,2,1,1,1,4,1,1,50,1,4,2,4,4
32,1,4,3,5,4,1,1,3,1,5,1,1,4,1,2,3,2,1,2,3,1,5,4,2,2,2,1,1,1,1,1,1,46,1,2,3,2,4
33,1,5,3,5,5,1,1,2,1,6,1,1,5,1,3,3,3,1,2,3,1,6,5,3,3,1,1,1,1,4,1,1,36,1,2,3,1,5
34,1,3,3,5,4,1,1,3,1,4,2,1,5,1,3,2,3,1,2,3,1,5,4,3,3,1,1,2,1,4,1,1,53,1,3,2,2,5
35,1,5,3,5,5,1,1,3,1,5,1,1,5,1,4,3,3,1,1,3,1,6,3,3,3,1,1,1,1,4,1,1,23,1,3,3,1,5
36,1,4,4,3,3,1,1,2,1,4,3,1,3,1,3,1,3,1,3,3,1,4,3,4,3,2,1,1,1,4,1,1,37,1,3,3,2,3
37,1,6,6,5,6,1,1,1,1,5,1,1,6,1,6,4,5,1,4,1,1,6,6,6,5,1,1,1,1,4,1,1,29,1,5,4,2,3
38,1,3,2,3,4,1,1,3,1,4,2,1,3,1,2,2,2,1,2,3,1,5,3,2,2,2,1,2,1,4,1,1,41,1,2,3,2,3
39,1,3,3,3,3,1,1,3,1,5,1,1,3,1,3,3,2,1,3,3,1,5,3,3,2,1,1,2,1,1,1,1,41,1,2,3,1,3
40,1,4,4,5,4,1,1,3,1,5,1,1,4,1,4,3,3,1,3,3,1,5,4,3,3,2,1,2,1,3,1,1,48,1,3,3,2,5
41,1,5,2,4,5,1,1,3,1,3,1,1,4,1,3,4,4,1,2,3,1,4,3,2,2,2,1,1,1,1,1,1,38,1,2,4,2,4
42,1,3,3,3,4,1,1,1,1,6,1,1,4,1,3,3,3,1,2,3,1,5,5,2,3,1,1,2,1,2,1,1,65,1,2,4,2,3
43,1,4,3,5,4,1,1,1,1,5,2,1,5,1,3,3,2,1,3,3,1,5,4,3,3,2,1,2,1,4,1,1,44,1,2,3,2,4
44,1,4,4,4,4,1,1,1,1,6,2,1,3,1,3,3,3,1,3,3,1,4,3,3,2,1,1,2,1,3,1,1,47,1,2,3,2,4
45,1,4,4,4,5,1,1,4,1,5,2,1,5,1,3,3,3,1,2,3,1,6,4,3,3,1,1,2,1,4,1,1,34,1,3,3,1,5
46,1,4,5,5,5,1,1,1,1,5,1,1,5,1,4,2,3,1,1,5,1,6,5,3,4,1,1,1,1,4,1,1,28,1,3,4,0,5
47,1,4,3,4,4,1,1,4,1,4,3,1,4,1,3,3,3,1,2,3,1,5,3,3,3,2,1,2,1,4,1,1,37,1,3,3,2,3
48,1,5,3,5,5,1,1,1,1,6,1,1,4,1,3,4,3,1,1,4,1,4,5,3,3,2,1,1,1,5,1,1,41,1,3,4,2,5
49,1,4,4,5,5,1,1,3,1,5,2,1,5,1,3,2,3,1,3,4,1,5,5,3,3,2,1,3,1,2,1,1,44,1,3,3,1,4
50,1,3,4,6,5,1,1,1,1,5,3,1,5,1,4,2,3,1,1,3,1,6,5,3,3,1,1,2,1,4,1,1,26,1,3,4,1,6
51,1,4,3,3,3,1,1,3,1,4,2,1,4,1,3,4,3,1,2,3,1,5,5,3,3,1,1,2,1,1,1,1,30,1,3,4,1,4
52,1,5,5,5,5,1,1,2,1,6,2,1,5,1,4,4,3,1,3,4,1,6,5,3,4,1,1,2,1,3,1,1,49,1,3,3,2,5
53,1,4,4,4,4,1,1,4,1,4,3,1,4,1,5,3,4,1,3,3,1,6,4,5,4,2,1,3,1,4,1,1,48,1,4,3,1,5
54,1,3,4,4,5,1,1,4,1,4,3,1,4,1,3,4,2,1,3,4,1,5,3,3,2,1,1,2,1,2,1,1,50,1,2,3,4,5
55,1,5,4,5,4,1,1,3,1,5,4,1,4,1,4,3,2,1,2,4,1,6,5,4,2,2,1,1,1,4,1,1,32,1,2,4,1,5
56,1,4,4,5,3,1,1,3,1,3,1,1,3,1,3,4,3,1,3,5,1,5,3,3,3,2,1,2,1,4,1,1,40,1,3,4,2,4
57,1,4,4,4,5,1,1,3,1,5,3,1,5,1,3,3,3,1,3,4,1,5,4,3,3,2,1,3,1,4,1,1,27,1,3,3,2,4
58,1,4,4,4,4,1,1,5,1,5,4,1,4,1,4,4,4,1,3,4,1,5,5,4,4,2,1,2,1,4,1,1,42,1,4,3,2,4
59,1,4,2,4,4,1,1,3,1,4,4,1,4,1,3,4,2,1,3,3,1,5,4,3,2,2,1,3,1,3,1,1,52,1,2,4,2,4
60,1,4,3,4,4,1,1,3,1,4,4,1,4,1,3,4,2,1,4,3,1,4,4,3,2,2,1,3,1,4,1,1,50,1,2,4,2,4
61,1,4,4,4,4,1,1,1,1,6,4,1,4,1,4,3,3,1,3,4,1,5,4,3,3,2,1,3,1,3,1,1,43,1,3,4,2,4
62,1,4,6,6,6,1,1,1,1,6,3,1,3,1,3,3,3,1,1,6,1,6,6,3,3,1,1,1,1,5,1,1,44,1,3,5,2,6
63,1,4,6,6,6,1,1,1,1,6,3,1,3,1,3,3,3,1,1,6,1,6,6,3,3,1,1,1,1,5,1,1,44,1,3,5,2,6
64,1,6,5,5,6,1,1,2,1,6,3,1,5,1,4,3,4,1,3,5,1,6,5,3,3,2,1,2,1,4,1,1,44,1,3,5,1,5
65,1,5,5,5,5,1,1,2,1,6,3,1,5,1,5,4,5,1,2,4,1,5,5,5,4,2,1,2,1,5,1,1,39,1,4,5,2,5
66,1,3,2,3,4,1,1,2,1,4,3,1,5,1,2,5,2,1,1,5,1,5,4,2,2,2,1,1,1,4,1,1,34,1,2,5,1,5
67,1,5,3,5,5,1,1,4,1,5,4,1,5,1,3,4,3,1,4,4,1,6,5,3,3,1,1,3,1,3,1,1,51,1,3,4,2,4
68,1,6,4,5,5,1,1,2,1,6,3,1,6,1,5,4,3,1,3,4,1,6,5,3,3,1,1,3,1,1,1,1,64,1,3,5,2,5
69,1,3,5,4,3,1,1,3,1,6,5,1,4,1,6,3,4,1,5,4,1,5,5,4,3,1,1,3,1,4,1,1,47,1,3,4,1,4
70,1,5,4,5,6,1,1,1,1,6,4,1,4,1,5,3,5,1,4,5,1,6,6,4,4,2,1,3,1,2,1,1,26,1,3,4,1,5
71,1,4,3,4,4,1,1,5,1,5,3,1,3,1,3,4,3,1,2,4,1,5,4,4,3,2,1,4,1,4,1,1,40,1,3,5,2,3
72,1,4,4,4,4,1,1,2,1,5,4,1,4,1,4,3,4,1,4,5,1,5,4,4,4,2,1,4,1,1,1,1,47,1,4,4,2,4
73,1,5,5,4,5,1,1,5,1,2,2,1,5,1,5,5,6,1,5,5,1,3,4,4,5,1,1,4,1,2,1,1,26,1,5,4,1,3
74,1,6,5,5,6,1,1,1,1,6,4,1,5,1,4,4,2,1,4,5,1,6,5,3,2,2,1,3,1,4,1,1,46,1,2,5,2,6
75,1,5,5,6,6,1,1,1,1,6,4,1,6,1,3,4,5,1,4,5,1,6,6,3,3,1,1,3,1,3,1,1,40,1,3,5,2,5
76,1,4,4,4,4,1,1,1,1,5,5,1,4,1,4,3,4,1,3,5,1,6,4,4,4,2,1,3,1,3,1,1,43,1,3,5,2,4
77,1,3,5,5,5,1,1,3,1,5,5,1,3,1,4,3,4,1,5,5,1,5,5,4,4,2,1,3,1,4,1,1,32,1,4,5,2,5
78,1,4,5,5,5,1,1,3,1,5,5,1,4,1,4,5,3,1,4,5,1,5,5,3,3,2,1,5,1,4,1,1,42,1,3,5,2,5
79,1,3,4,4,4,1,1,1,1,5,1,1,3,1,3,1,3,1,1,2,1,6,4,3,2,2,2,1,1,5,1,1,26,1,2,2,1,4
80,1,5,3,5,5,1,1,4,1,4,2,1,5,1,3,2,2,1,1,3,1,4,5,3,2,2,2,1,1,2,1,1,41,1,2,3,2,4
81,1,6,4,6,6,1,1,3,1,6,2,1,6,1,4,3,3,1,1,3,1,6,6,2,2,2,1,1,1,4,1,1,23,2,2,3,1,6
82,1,5,2,5,4,1,1,3,1,5,2,1,4,1,2,3,3,1,2,3,1,6,4,2,3,1,2,2,1,2,1,1,29,1,2,3,1,3
83,1,3,3,3,3,1,1,3,1,5,3,1,3,1,3,2,3,1,3,3,1,6,3,3,3,2,2,2,1,4,1,1,41,1,3,3,2,3
84,1,3,3,4,4,1,1,3,1,4,3,1,4,1,3,3,3,1,3,3,1,5,4,3,3,1,1,2,1,1,1,1,42,2,3,3,2,4
85,1,5,3,6,5,1,1,3,1,5,1,1,6,1,4,4,1,1,3,4,1,6,5,3,3,1,2,3,1,3,1,1,31,1,3,3,1,5
86,1,3,3,4,3,1,1,3,1,5,3,1,4,1,4,3,4,1,2,3,1,5,4,3,2,2,2,2,1,1,1,1,29,1,2,4,2,3
87,1,5,5,4,5,1,1,3,1,5,2,1,4,1,4,3,4,1,3,3,1,5,4,4,4,2,2,2,1,2,1,1,39,1,4,5,2,4
88,1,3,2,4,3,1,1,3,1,5,3,1,3,1,3,4,2,1,3,3,1,5,4,3,2,2,2,3,1,3,1,1,35,1,2,3,0,4
89,1,5,4,5,5,1,1,1,1,6,3,1,5,1,2,3,2,1,2,3,1,6,5,5,2,1,2,2,1,4,1,1,45,1,2,5,2,5
90,1,4,2,3,4,1,1,2,1,5,4,1,5,1,2,3,1,1,2,3,1,5,5,2,1,1,2,2,1,2,1,1,34,1,1,4,2,4
91,1,6,5,6,6,1,1,2,1,6,3,1,6,1,5,4,5,1,3,4,1,5,6,4,4,1,2,3,1,1,1,1,34,1,3,3,2,6
92,1,3,3,5,3,1,1,3,1,5,5,1,5,1,3,4,4,1,2,4,1,6,5,3,2,2,1,2,1,3,1,1,47,2,2,4,4,4
93,1,3,4,5,4,1,1,2,1,3,2,1,2,1,5,6,3,1,5,6,1,5,5,3,3,1,2,4,1,3,1,1,19,1,3,5,1,4
94,1,5,5,5,5,1,1,3,1,6,5,1,5,1,5,5,4,1,5,4,1,6,5,5,4,2,1,4,1,1,1,1,44,2,3,5,4,5
95,1,3,2,3,4,1,1,3,1,4,3,1,3,1,2,2,2,1,2,3,1,4,5,3,2,2,2,2,1,4,1,1,35,2,2,3,1,5
96,1,3,4,5,4,1,1,1,1,5,2,1,6,1,2,3,3,1,2,4,1,6,3,3,4,1,2,1,1,4,1,1,42,2,2,3,2,5
97,1,3,3,4,3,2,1,2,1,5,3,1,3,1,3,2,3,1,2,3,1,5,4,4,4,1,2,2,1,5,1,1,55,2,4,3,0,3
98,1,6,3,6,6,1,1,5,1,4,4,1,6,1,3,1,3,1,2,4,1,6,6,2,2,1,2,1,1,4,1,1,52,2,2,4,2,6
99,1,4,3,4,4,1,1,2,1,5,3,1,3,1,3,3,2,1,2,3,1,5,5,3,3,1,2,3,1,0,1,1,27,2,2,4,1,5
100,1,3,3,3,4,1,1,2,1,5,3,1,3,1,3,4,3,1,3,3,1,5,4,3,3,2,2,3,1,4,1,1,37,2,3,3,2,4
101,1,6,6,6,6,1,1,1,1,6,5,1,6,1,5,6,4,1,6,6,1,6,6,4,4,1,2,5,1,3,1,1,33,2,4,6,0,6
102,1,4,2,6,5,1,1,2,1,6,2,1,5,1,2,4,4,1,2,5,1,6,5,2,2,1,2,2,1,4,1,1,46,3,2,4,4,5
103,1,4,4,5,5,1,1,1,1,6,4,1,4,1,6,6,4,1,5,4,1,4,4,3,3,1,2,3,1,1,1,1,28,3,3,5,1,5
104,1,6,6,6,6,1,1,2,1,5,6,1,5,1,5,5,4,1,6,6,1,6,6,3,2,1,3,1,1,3,1,1,44,2,2,6,2,6
105,1,6,6,6,4,1,1,1,1,6,1,1,6,1,4,6,4,1,4,6,1,6,6,4,4,2,3,3,1,2,1,1,31,3,4,5,2,6
106,1,5,6,5,6,1,1,1,1,5,5,1,4,1,5,6,3,1,4,5,1,5,4,3,2,2,3,4,1,3,1,1,36,3,4,5,4,3
107,1,3,4,6,4,1,1,1,1,5,3,1,5,1,3,4,3,2,3,4,1,6,5,4,3,2,1,4,1,4,1,1,48,1,2,3,2,5
108,1,5,5,5,5,2,1,1,1,5,2,1,5,1,4,5,4,2,2,5,1,4,4,4,3,1,1,3,1,1,2,1,39,1,3,5,2,4
109,1,3,3,4,3,1,1,1,1,6,3,1,4,1,3,2,1,1,2,4,2,6,4,2,2,2,2,1,1,2,1,1,58,1,2,2,2,3
110,1,5,3,5,5,1,1,2,1,6,1,1,5,1,3,2,3,2,3,3,1,6,4,3,3,2,2,1,1,2,1,1,38,2,3,3,4,5
111,1,6,5,6,6,1,1,2,1,6,3,1,6,1,3,4,5,1,1,3,1,6,6,1,1,1,2,2,2,4,1,1,40,2,1,3,2,6
112,1,3,3,3,3,1,1,2,1,4,2,1,4,1,3,4,2,2,2,4,1,5,3,2,2,2,2,2,1,4,1,1,35,2,2,4,2,4
113,1,3,3,5,4,1,1,3,1,5,3,1,4,1,4,4,3,2,2,4,1,5,5,3,3,2,3,2,1,4,1,1,41,2,3,4,2,4
114,1,4,4,4,4,1,1,2,1,5,2,1,4,1,4,4,4,2,4,4,1,5,4,4,4,1,3,2,1,5,1,1,38,3,4,4,2,4
115,1,5,2,5,5,1,1,2,2,5,2,1,4,1,2,3,1,1,1,3,2,5,6,1,2,2,1,1,1,4,1,1,41,1,2,1,2,5
116,1,2,2,2,2,1,1,5,1,4,2,1,2,1,3,2,2,1,2,4,2,3,2,3,3,1,1,2,2,2,1,1,30,1,2,2,1,2
117,1,3,4,5,5,1,1,2,1,5,3,1,5,1,3,4,3,1,3,4,3,5,5,3,3,2,1,3,1,4,1,1,36,1,3,4,1,5
118,1,3,4,5,5,1,1,2,1,5,3,1,5,1,3,4,3,1,3,4,3,5,5,3,3,2,1,3,1,4,1,1,36,1,3,4,1,5
119,1,4,4,5,6,1,1,1,1,5,5,1,5,1,4,3,3,1,4,3,1,6,5,3,3,2,1,3,2,1,1,2,63,1,3,4,2,5
120,1,6,3,6,6,1,1,3,1,5,1,1,6,1,3,2,3,2,2,2,2,5,6,3,3,2,1,1,1,1,1,1,50,2,3,2,2,6
121,1,5,2,5,5,1,1,3,1,6,1,1,5,1,3,2,3,3,2,3,1,5,3,2,2,2,2,1,1,4,1,1,41,2,1,3,4,3
122,1,5,4,5,5,2,1,3,1,6,1,1,4,1,3,3,3,2,3,5,2,6,5,3,3,1,2,2,1,1,2,1,50,2,3,3,2,5
123,1,3,3,5,3,1,1,2,1,5,3,1,4,1,3,3,3,1,3,3,1,5,5,3,2,1,1,3,3,3,1,1,40,3,3,4,2,4
124,1,5,3,5,5,1,1,2,1,6,1,1,5,1,3,2,3,2,2,2,2,6,5,4,2,1,3,1,1,4,1,1,49,3,2,3,2,5
125,1,4,5,5,5,1,1,2,1,5,4,1,4,1,4,5,5,1,3,4,3,6,5,3,5,2,5,3,1,1,1,1,34,1,4,5,1,5
126,1,5,5,5,5,1,1,3,4,5,1,1,5,1,5,1,3,1,1,4,1,5,4,2,2,1,1,1,1,1,1,1,51,1,2,2,4,4
127,1,3,2,3,3,1,1,4,1,4,4,1,3,1,3,4,4,4,1,4,1,4,3,1,1,2,1,2,1,4,1,1,41,1,1,3,0,4
128,1,4,3,5,4,1,1,2,2,4,3,1,5,1,2,2,2,1,2,3,2,5,4,3,2,1,2,2,2,3,1,1,36,1,2,3,1,4
129,1,3,3,3,3,1,1,3,2,4,1,1,3,1,3,3,2,2,2,3,2,6,4,2,2,1,2,2,1,1,1,1,46,2,3,2,1,3
130,1,4,3,4,4,1,1,2,2,3,4,1,4,1,4,4,3,2,3,3,2,4,4,4,3,1,2,3,1,3,1,1,58,2,3,4,3,4
131,1,4,1,3,4,1,1,3,1,3,2,1,4,1,1,1,1,1,1,2,1,4,4,1,1,1,3,1,3,2,1,2,26,3,1,2,1,4
132,1,6,4,6,6,1,1,3,3,6,5,1,5,1,4,4,3,1,6,6,2,6,5,2,2,1,4,4,1,4,3,1,51,4,2,6,2,6
133,1,5,2,4,5,5,1,5,1,5,1,2,5,2,2,4,1,2,2,5,2,5,5,2,2,1,1,1,1,3,2,2,41,1,2,4,0,5
134,1,2,3,3,3,1,1,4,2,3,3,1,3,1,3,2,1,2,2,2,2,5,4,2,1,1,4,1,2,1,1,2,52,4,1,3,2,3
135,1,4,5,3,4,1,1,4,2,3,4,1,2,3,3,3,3,2,4,4,2,3,3,3,4,1,2,3,2,4,2,2,24,1,4,4,1,4
136,1,4,4,5,5,3,1,2,3,5,4,2,4,2,4,5,4,2,3,4,2,5,5,4,5,1,3,3,2,4,2,2,45,3,5,5,4,4
137,1,4,1,5,5,4,1,2,3,5,1,1,6,1,3,2,1,1,1,2,3,5,4,3,5,1,1,1,6,3,1,1,59,1,2,1,4,5
138,1,3,3,4,4,1,1,4,5,4,2,1,3,4,4,1,4,4,2,3,3,3,4,5,3,1,4,3,2,0,2,1,47,3,4,3,2,4
139,1,5,1,1,4,5,1,3,5,4,1,2,5,1,1,1,1,5,1,1,4,5,5,1,2,1,1,1,4,4,5,4,29,1,2,1,2,5
140,1,2,2,3,3,3,1,4,4,4,4,3,4,4,3,4,3,4,4,3,3,3,3,2,2,2,4,3,4,4,5,3,29,3,3,3,1,3
141,2,6,1,1,1,1,1,6,1,1,1,1,1,1,1,1,1,1,1,1,1,1,6,1,1,1,1,1,1,2,1,1,39,1,1,1,2,1
142,2,6,2,5,4,1,1,2,1,4,1,1,5,1,2,1,2,1,1,1,1,5,5,3,2,1,1,1,1,4,1,1,30,1,2,1,1,6
143,2,4,4,4,4,1,1,1,1,5,1,1,4,1,4,1,4,1,1,1,1,5,4,4,4,2,1,1,1,2,1,1,35,1,4,1,2,4
144,2,4,5,5,5,1,1,2,1,6,1,1,5,1,5,1,4,1,3,2,1,6,5,4,4,1,1,1,1,4,1,1,32,1,4,2,2,5
145,2,3,3,3,3,1,1,2,1,2,1,1,3,1,3,2,2,1,1,2,1,2,3,3,2,2,1,1,1,2,1,1,54,1,2,2,2,3
146,2,5,3,4,6,1,1,1,1,4,1,1,4,1,3,1,3,1,2,3,1,6,6,3,3,2,1,1,1,4,1,1,43,1,3,2,1,4
147,2,5,3,5,5,1,1,2,1,5,1,1,5,1,3,1,2,1,1,3,1,6,5,3,2,2,1,1,1,4,1,1,53,1,2,2,1,5
148,2,4,4,4,4,1,1,2,1,4,2,1,4,1,4,1,4,1,1,2,1,5,4,4,2,1,1,1,1,3,1,1,40,1,2,2,1,4
150,2,3,2,5,3,1,1,2,1,5,1,1,5,1,2,2,2,1,2,3,1,6,4,2,2,1,1,1,1,4,1,1,37,1,2,2,1,5
151,2,4,2,4,4,1,1,2,1,4,1,1,4,1,2,2,2,1,1,4,1,5,4,3,2,1,1,1,1,2,1,1,38,1,2,2,2,4
152,2,3,3,5,5,1,1,3,1,5,1,1,4,1,3,2,3,1,1,3,1,4,3,2,2,1,1,1,1,3,1,1,59,1,2,3,4,4
153,2,3,4,4,3,1,1,2,1,4,1,1,3,1,4,2,3,1,2,3,1,5,4,4,4,2,1,2,1,4,1,1,28,1,3,2,1,3
154,2,2,2,2,3,1,1,3,1,2,1,1,2,1,4,2,1,1,1,5,1,3,2,1,1,2,1,1,1,5,1,1,35,1,1,2,4,2
155,2,4,2,4,3,1,1,1,1,5,2,1,4,1,2,2,2,1,1,2,1,4,4,2,2,2,1,2,1,3,1,1,42,1,2,3,2,3
156,2,4,3,5,4,1,1,3,1,5,2,1,5,1,3,2,3,1,3,3,1,6,4,3,2,2,1,1,1,4,1,1,35,1,2,3,2,5
157,2,3,2,5,3,1,1,2,1,5,2,1,3,1,2,2,2,1,1,2,1,6,5,2,2,2,1,1,1,4,1,1,36,1,2,5,1,4
158,2,3,3,5,4,1,1,2,1,5,2,1,3,1,3,2,3,1,3,3,1,5,5,3,3,1,1,2,1,5,1,1,50,1,2,3,4,5
159,2,5,3,5,5,1,1,2,1,5,1,1,5,1,3,2,3,1,2,3,1,6,5,3,3,1,1,2,1,4,1,1,46,1,3,4,2,5
160,2,5,1,5,5,1,1,3,1,3,3,1,5,1,1,3,1,1,2,3,1,4,4,1,1,1,1,2,1,3,1,1,32,1,1,2,2,4
161,2,4,2,4,4,1,1,1,1,5,2,1,6,1,2,3,2,1,3,3,1,5,6,2,2,2,1,2,1,3,1,1,42,1,2,3,2,4
162,2,3,3,5,5,1,1,3,1,4,1,1,3,1,2,3,3,1,3,3,1,5,4,3,3,1,1,3,1,5,1,1,50,1,2,3,4,4
163,2,5,4,5,5,1,1,2,1,6,3,1,5,1,3,3,4,1,1,4,1,3,5,2,2,1,1,1,1,3,1,1,43,1,2,2,0,4
164,2,4,3,4,4,1,1,1,1,6,1,1,4,1,3,3,3,1,3,3,1,6,4,3,3,1,1,3,1,2,1,1,45,1,3,3,2,4
165,2,5,4,5,5,1,1,3,1,3,4,1,5,1,3,2,3,1,4,4,1,5,3,3,3,1,1,1,1,2,1,1,55,1,3,2,2,4
166,2,4,3,3,3,1,1,4,1,5,2,1,3,1,3,3,3,1,2,3,1,4,4,4,3,1,1,3,1,1,1,1,36,1,4,2,1,3
167,2,4,4,4,4,1,1,2,1,4,1,1,4,1,4,3,4,1,2,4,1,4,4,4,4,2,1,1,1,2,1,1,25,1,4,4,1,4
168,2,4,4,4,5,1,1,2,1,4,1,1,4,1,4,1,4,1,2,5,1,5,4,4,4,2,1,1,1,4,1,1,36,1,4,5,2,4
169,2,5,5,5,5,1,1,2,1,5,1,1,5,1,5,4,5,1,4,4,1,5,5,3,3,1,1,1,1,4,1,1,30,1,3,3,1,5
170,2,4,4,4,4,1,1,3,1,5,4,1,4,1,4,3,3,1,3,3,1,5,4,3,3,1,1,1,1,4,1,1,47,1,3,3,2,4
171,2,4,3,5,4,1,1,2,1,4,3,1,5,1,3,3,2,1,2,3,1,3,5,3,2,2,1,2,1,2,1,1,27,1,2,3,1,5
172,2,3,3,4,4,1,1,3,1,5,1,1,4,1,5,4,4,1,2,4,1,4,4,2,2,1,1,1,1,4,1,1,27,1,2,4,1,3
173,2,5,2,6,5,1,1,2,1,6,1,1,4,1,4,3,2,1,3,6,1,5,5,3,3,1,1,1,1,4,1,1,23,1,3,4,1,6
174,2,3,3,3,3,1,1,3,1,3,3,1,3,1,3,3,3,1,1,3,1,3,3,3,3,1,1,3,1,1,1,1,36,1,3,3,2,3
175,2,4,3,4,4,1,1,2,1,4,4,1,5,1,3,4,3,1,2,4,1,5,5,3,3,2,1,1,1,4,1,1,32,1,3,4,1,4
176,2,4,3,5,4,1,1,2,1,5,3,1,4,1,3,4,2,1,4,4,1,5,5,3,3,2,1,2,1,4,1,1,39,1,3,4,1,4
177,2,4,4,4,4,1,1,3,1,6,3,1,4,1,3,3,4,1,4,4,1,5,4,3,4,2,1,3,1,4,1,1,62,1,4,4,2,4
178,2,5,4,5,6,1,1,2,1,6,2,1,5,1,4,5,4,1,2,5,1,6,5,4,4,1,1,1,1,2,1,1,35,1,4,4,2,5
179,2,4,4,5,4,1,1,2,1,5,4,1,3,1,3,2,2,1,3,5,1,6,4,3,3,2,1,3,1,2,1,1,39,1,3,4,1,3
180,2,4,4,6,4,1,1,2,1,6,1,1,5,1,6,6,2,1,5,5,1,6,2,2,2,1,1,1,1,3,1,1,30,1,2,5,1,5
181,2,5,3,6,5,1,1,3,1,5,2,1,3,1,3,5,2,1,5,5,1,6,6,6,3,2,1,1,1,4,1,1,25,1,5,5,1,5
182,2,4,4,5,5,1,1,1,1,6,4,1,4,1,5,5,3,1,2,4,1,6,5,4,3,2,1,1,1,2,1,1,25,1,4,4,1,6
183,2,5,4,5,6,1,1,2,1,5,3,1,5,1,5,4,5,1,4,4,1,4,6,4,5,2,1,3,1,3,1,1,30,1,4,4,1,5
184,2,6,6,5,6,1,1,2,1,6,4,1,5,1,5,5,3,1,3,5,1,6,6,3,2,2,1,2,1,4,1,1,32,1,2,3,1,5
185,2,5,5,5,5,1,1,2,1,5,5,1,5,1,5,4,5,1,4,4,1,6,5,5,5,1,1,3,1,3,1,1,46,1,5,4,2,5
186,2,5,3,5,5,1,1,3,1,5,3,1,5,1,3,5,3,1,3,5,1,5,5,3,3,1,1,3,1,4,1,1,43,1,3,5,1,5
187,2,5,5,5,5,1,1,2,1,5,5,1,4,1,4,4,4,1,4,5,1,5,5,3,4,1,1,2,1,3,1,1,31,1,2,5,1,4
188,2,5,4,4,5,1,1,3,1,5,5,1,5,1,4,1,3,1,5,5,1,6,5,5,5,1,1,5,1,4,1,1,35,1,5,5,1,5
189,2,5,5,5,5,1,1,2,1,3,1,1,5,1,5,5,5,1,5,5,1,5,5,5,5,2,1,5,1,4,1,1,29,1,5,5,1,5
190,2,3,3,4,4,1,1,1,1,5,5,1,3,1,3,5,2,1,3,5,1,5,3,2,2,2,1,2,1,4,1,1,38,1,2,5,1,4
191,2,5,6,5,5,1,1,3,1,4,4,1,4,1,6,3,5,1,3,6,1,5,4,3,3,2,1,3,1,4,1,1,30,1,3,6,1,4
192,2,6,6,6,6,1,1,3,1,6,6,1,5,1,4,4,5,1,5,6,1,6,5,3,2,2,1,1,1,3,1,1,41,1,3,6,4,4
193,2,4,6,5,6,1,1,3,1,4,5,1,5,1,6,5,6,1,4,5,1,6,5,5,4,2,1,3,1,2,1,1,43,1,4,5,2,5
194,2,5,5,5,4,1,1,4,1,6,5,1,5,1,5,5,5,1,1,5,1,4,4,4,4,2,1,4,1,2,1,1,39,1,4,5,1,5
195,2,5,5,5,5,1,1,1,1,5,5,1,5,1,5,6,3,1,4,6,1,6,5,5,4,2,1,5,1,3,1,1,57,1,4,4,2,5
196,2,3,2,3,3,1,1,2,1,2,1,1,3,1,2,2,2,1,1,2,1,4,3,2,2,2,2,1,1,3,1,1,48,1,2,1,2,4
197,2,3,3,4,4,1,1,3,1,4,1,1,4,1,3,2,3,1,2,2,1,5,4,3,3,1,2,1,1,5,1,1,49,1,3,3,2,4
198,2,5,3,6,6,1,1,1,1,5,1,1,4,1,3,1,3,1,1,4,1,6,5,3,3,2,2,1,1,4,1,1,43,1,3,3,1,5
199,2,4,3,5,4,1,1,2,1,4,1,1,3,1,1,4,1,1,2,3,1,6,6,1,2,2,2,1,1,4,1,1,28,1,2,3,4,4
200,2,3,4,4,4,1,1,3,1,5,3,1,4,1,3,4,4,1,2,2,1,3,4,2,2,1,1,1,1,2,1,1,37,2,2,3,2,3
201,2,5,3,5,5,1,1,1,1,5,2,1,4,1,2,3,2,1,2,4,1,5,5,2,2,2,2,1,1,4,1,1,57,1,2,4,2,5
202,2,5,5,5,5,1,1,2,1,6,2,1,5,1,5,3,5,1,5,3,1,5,5,5,5,2,2,2,1,4,1,1,35,1,5,4,2,5
203,2,3,2,4,3,1,1,3,1,4,3,1,2,1,2,3,2,1,2,3,1,4,3,3,2,1,2,3,1,3,1,1,33,1,3,3,2,3
204,2,5,4,5,5,1,1,3,1,5,1,1,5,1,4,3,2,1,3,4,1,4,5,3,2,2,2,2,1,4,1,1,53,1,2,5,2,5
205,2,6,4,5,5,1,1,2,1,6,3,1,5,1,4,3,3,1,3,4,1,6,4,4,4,1,2,2,1,2,1,1,38,1,4,3,1,4
206,2,5,5,5,5,1,1,3,1,5,3,1,5,1,4,4,4,1,3,4,1,4,4,4,4,2,2,1,1,5,1,1,35,1,4,4,2,4
207,2,5,4,3,5,1,1,2,1,5,4,1,4,1,4,1,5,1,3,5,1,5,5,4,5,1,1,3,1,1,1,1,45,2,5,4,2,5
208,2,3,4,5,5,1,1,3,1,4,4,1,4,1,4,3,1,1,3,5,1,6,5,3,2,2,1,2,1,3,1,1,38,2,2,4,2,4
209,2,5,3,5,6,1,1,1,1,6,4,1,2,1,4,5,2,1,3,4,1,5,3,5,5,1,1,1,1,5,1,1,42,2,5,4,1,3
210,2,6,3,3,5,1,1,2,1,5,4,1,5,1,4,4,4,1,3,4,1,5,4,3,3,1,2,4,1,3,1,1,40,1,3,3,2,3
211,2,5,4,5,5,1,1,1,1,6,4,1,5,1,4,4,3,1,4,4,1,6,4,4,3,2,2,2,1,1,1,1,64,1,3,5,2,4
212,2,5,5,5,5,1,1,2,1,6,2,1,5,1,5,5,2,1,6,5,1,5,6,5,4,1,2,3,1,2,1,1,25,1,4,4,1,6
213,2,5,5,5,5,1,1,1,1,6,1,1,5,1,5,5,5,1,1,5,1,6,5,5,5,2,1,4,1,1,1,1,51,2,5,5,2,5
214,2,4,5,4,4,1,1,1,1,5,3,1,4,1,4,5,5,1,5,5,1,6,6,3,4,1,1,3,1,4,1,1,31,2,4,5,1,6
215,2,5,2,4,5,1,1,4,1,4,3,1,4,1,2,2,2,1,2,2,1,5,5,2,2,2,3,2,1,4,1,1,41,1,2,3,2,4
216,2,4,3,4,4,1,1,4,1,5,2,1,3,1,2,3,2,1,2,3,1,5,3,2,2,2,2,2,1,4,1,1,32,2,2,3,1,3
217,2,3,3,4,4,1,1,3,1,5,2,1,4,1,3,3,3,1,2,3,1,4,3,3,3,1,3,2,1,3,1,1,33,1,3,3,2,4
218,2,4,3,6,5,1,1,2,1,6,3,1,5,1,3,4,3,1,3,3,1,6,4,3,2,2,2,1,1,2,1,1,20,2,3,3,1,5
219,2,4,4,4,4,1,1,2,1,4,2,1,4,1,4,2,5,1,5,4,1,5,4,4,4,2,2,2,1,4,1,1,30,2,3,4,1,4
220,2,5,4,5,4,1,1,1,1,5,3,1,4,1,3,3,3,1,2,3,1,4,3,4,3,1,3,3,1,4,1,1,36,1,3,4,1,4
221,2,4,4,5,4,1,1,1,1,6,1,1,5,1,4,4,4,1,4,4,1,6,5,3,4,1,2,3,1,1,1,1,48,2,3,4,2,6
222,2,5,4,4,5,1,1,1,1,6,4,1,4,1,3,4,4,1,2,4,1,5,4,3,2,2,2,2,1,3,1,1,47,2,5,3,2,4
223,2,5,5,5,5,1,1,3,1,5,3,1,5,1,5,4,4,1,5,4,1,6,6,5,4,1,2,2,1,0,1,1,40,2,4,4,0,5
224,2,6,3,6,6,1,1,1,1,6,5,1,6,1,3,5,5,1,3,5,1,5,6,3,2,2,3,2,1,3,1,1,48,1,3,5,2,5
225,2,5,4,6,6,1,1,2,1,6,4,1,5,1,4,5,4,1,3,6,1,6,5,2,4,2,2,2,1,4,1,1,35,2,4,6,2,4
226,2,3,2,3,3,1,1,2,1,4,2,1,2,1,4,1,3,1,2,3,1,5,3,4,2,2,2,1,1,4,1,1,48,3,1,4,2,3
227,2,4,3,4,4,1,1,3,1,4,2,1,3,1,3,3,3,1,3,2,1,5,4,3,3,2,3,2,1,5,1,1,43,2,2,3,1,3
228,2,6,4,6,6,1,1,3,1,6,3,1,5,1,4,3,3,1,3,3,1,5,4,3,3,2,3,2,1,2,1,1,37,2,3,4,1,5
229,2,4,4,5,5,1,1,1,1,5,2,1,4,1,4,3,4,1,1,4,1,5,5,3,2,2,3,3,1,3,1,1,30,2,3,4,1,5
230,2,5,4,5,5,1,1,1,1,6,3,1,4,1,4,3,4,1,3,3,1,5,3,4,4,1,3,3,1,5,1,1,42,2,3,4,2,4
231,2,5,4,5,5,1,1,3,1,5,5,1,5,1,4,5,4,1,4,5,1,5,5,5,4,2,2,1,1,4,1,1,34,3,4,5,2,5
232,2,4,4,4,4,1,1,3,1,5,2,1,4,1,4,3,4,1,4,3,1,5,4,4,4,1,3,2,1,2,1,1,37,3,4,5,2,4
233,2,5,4,5,5,1,1,2,1,5,4,1,5,1,2,4,3,1,5,4,1,1,4,2,3,2,3,2,1,1,1,1,38,3,3,5,1,4
234,2,6,5,6,6,1,1,2,1,5,3,1,6,1,6,6,2,1,6,6,1,6,6,3,3,2,3,1,1,4,1,1,59,4,2,5,2,6
235,2,3,2,3,3,1,1,3,1,4,1,1,3,1,3,1,2,2,2,2,1,4,4,2,2,1,1,1,1,3,1,1,62,1,3,2,2,3
236,2,4,3,5,4,1,1,3,1,4,1,1,5,1,2,2,3,2,2,2,1,5,5,2,2,1,1,1,1,4,1,1,39,1,2,2,2,4
237,2,3,2,2,2,1,1,2,1,3,1,1,2,1,2,2,2,1,1,3,1,4,3,1,1,1,1,1,2,3,1,1,45,1,1,2,2,2
238,2,2,3,3,2,1,1,3,1,2,1,1,2,1,3,2,1,2,1,3,1,3,2,2,1,1,1,1,1,3,1,1,50,1,1,2,2,2
239,2,4,5,4,5,1,1,3,1,5,3,1,3,1,5,6,2,2,4,6,1,5,4,3,3,1,1,1,1,3,1,1,40,1,2,4,2,5
240,2,3,3,4,4,1,1,4,1,4,1,1,3,1,4,2,5,2,1,3,1,3,3,2,2,1,2,1,1,2,2,1,55,2,2,3,2,3
241,2,5,3,6,5,1,1,2,1,5,2,1,5,1,3,2,3,1,2,2,1,6,5,4,3,2,3,2,2,2,1,1,54,1,3,3,4,6
242,2,4,4,4,4,1,1,2,1,3,1,1,4,1,4,3,4,1,4,3,1,4,4,3,4,1,2,2,2,2,1,1,31,2,3,2,1,4
243,2,4,4,5,5,1,1,2,1,5,3,1,4,1,4,4,4,2,3,5,1,4,5,5,4,1,2,3,1,2,1,1,42,2,3,4,2,4
244,2,5,5,5,6,1,1,2,1,5,5,1,6,1,4,3,5,1,4,4,1,5,6,4,4,2,2,3,2,1,1,1,33,2,4,5,2,5
245,2,3,2,3,2,1,1,2,1,2,2,1,2,1,2,3,2,2,2,3,1,3,3,2,1,2,2,2,1,4,1,1,35,3,3,3,1,2
246,2,5,5,6,5,1,1,6,1,6,3,1,6,1,5,3,2,1,1,3,1,6,5,5,4,1,2,3,2,3,1,1,30,3,4,4,1,6
247,2,5,2,4,6,3,1,2,1,4,5,1,5,1,2,4,1,2,3,4,1,6,4,2,3,1,2,2,1,4,1,1,38,3,4,2,1,4
248,2,6,5,5,5,1,1,2,1,5,3,1,5,1,4,4,4,1,3,4,1,6,4,4,4,2,3,3,2,4,1,1,30,2,4,4,2,5
249,2,6,3,6,6,1,1,1,1,5,5,1,4,1,1,5,3,1,4,6,1,5,4,3,3,1,4,3,2,0,1,1,33,4,2,5,1,6
250,2,5,3,5,5,1,1,2,1,2,3,1,4,1,4,5,1,3,2,5,1,4,6,1,1,1,1,2,1,4,1,1,42,1,1,1,2,5
251,2,5,5,5,3,1,1,2,1,5,1,1,5,1,4,4,3,1,4,4,1,5,5,3,3,1,1,2,3,2,1,1,49,1,3,4,2,5
252,2,3,4,4,4,1,1,3,1,3,2,1,3,1,3,4,2,2,2,3,2,4,3,2,1,1,2,1,1,2,1,1,38,2,1,3,2,3
253,2,4,3,3,3,1,1,2,1,4,4,1,3,1,3,4,4,2,3,3,2,5,3,3,3,1,2,3,1,4,1,1,25,2,2,6,1,3
254,2,4,4,4,4,2,1,1,1,6,3,1,4,1,4,4,3,2,3,3,2,5,4,3,3,2,4,3,1,4,1,1,26,2,3,4,1,4
255,2,5,4,4,5,2,1,2,1,6,1,1,5,2,4,1,4,2,1,2,1,4,4,4,4,2,1,2,1,4,1,2,37,1,4,2,2,5
256,2,2,5,3,3,1,1,2,1,2,2,1,3,1,6,2,2,4,1,5,1,4,3,1,2,2,1,1,1,5,2,1,39,1,2,2,1,3
257,2,5,3,5,4,1,1,3,1,6,4,1,5,2,3,4,2,2,3,3,2,6,5,3,2,2,4,3,1,4,1,1,47,4,3,3,2,5
258,2,3,5,5,2,1,1,2,2,6,3,1,2,1,5,5,2,3,4,5,2,5,5,3,2,2,3,2,1,2,2,1,42,2,2,5,1,4
259,2,4,4,4,5,1,1,2,2,5,2,1,4,1,3,2,3,2,2,2,2,5,3,1,3,1,2,2,1,3,2,2,55,1,2,2,0,4
260,2,2,3,2,2,1,1,3,2,5,1,2,3,1,3,1,2,2,2,1,1,3,3,2,2,2,1,1,2,4,1,2,28,1,3,1,1,2
261,2,2,1,2,2,2,1,2,1,2,2,1,2,2,1,2,2,2,2,2,2,2,2,2,2,1,3,1,3,5,1,2,55,3,1,3,2,2
262,2,6,5,6,6,2,1,1,2,6,2,2,6,2,5,1,4,2,2,2,2,6,3,4,6,2,2,2,2,4,2,2,38,2,6,2,1,5
264,2,2,2,1,2,2,1,3,1,2,3,2,2,2,1,2,3,3,3,3,1,3,1,1,1,1,2,2,3,2,3,3,45,3,2,4,4,2
265,2,3,3,3,2,1,1,3,2,3,3,2,3,3,2,2,2,1,1,3,3,3,2,3,2,1,3,2,2,3,1,3,41,3,2,4,1,2
266,2,1,2,2,1,2,1,4,2,3,3,3,2,3,2,2,2,3,2,2,2,3,2,1,1,1,3,2,3,3,2,3,33,2,2,2,2,2
267,2,1,2,2,1,2,1,4,2,3,3,3,2,3,2,2,2,3,2,2,2,3,2,1,1,1,3,2,3,4,2,3,40,2,2,2,3,2
268,2,4,4,5,6,1,1,3,4,5,4,2,4,4,3,5,4,3,2,2,4,6,4,3,3,2,4,3,4,3,2,4,25,4,3,3,2,5
269,2,4,2,3,2,3,1,5,3,4,2,3,2,4,1,2,1,4,2,2,3,2,4,2,3,1,1,2,5,4,5,4,63,2,2,1,2,2
270,2,5,2,5,5,2,1,1,4,6,3,5,5,5,5,4,3,4,2,4,4,6,5,5,3,2,3,2,4,4,3,3,33,4,3,4,1,5
271,2,3,1,1,2,1,1,1,4,1,1,5,1,4,1,1,1,6,1,1,5,1,1,1,1,2,1,1,5,1,5,5,40,1,1,1,2,1
272,2,2,2,1,2,1,1,6,4,1,5,6,1,5,2,3,6,6,3,2,4,1,5,2,2,1,2,2,5,1,1,5,64,2,3,2,2,2
273,1,6,6,6,1,1,2,6,1,6,1,1,6,1,6,1,1,1,1,1,1,6,6,1,1,2,1,1,1,4,1,1,40,1,1,1,2,6
274,1,3,5,3,4,1,2,3,1,4,1,1,2,1,3,1,3,1,1,1,1,4,3,3,3,1,1,1,1,3,1,1,54,1,3,1,2,3
275,1,3,5,3,4,1,2,3,1,4,1,1,2,1,3,1,3,1,1,1,1,4,3,3,3,1,1,1,1,3,1,1,54,1,3,1,2,3
276,1,6,6,6,6,1,2,6,1,6,1,1,6,1,3,1,3,1,1,1,1,6,6,3,3,2,1,1,1,4,1,1,40,1,3,1,2,6
277,1,6,6,6,6,1,2,6,1,6,1,1,6,1,3,1,3,1,1,1,1,6,6,3,3,2,1,1,1,4,1,1,40,1,3,1,2,6
278,1,2,1,2,2,1,2,3,1,2,1,1,2,1,1,2,1,1,2,1,1,4,2,1,1,1,1,1,1,4,1,1,40,1,1,1,2,2
279,1,3,1,3,3,1,2,3,1,4,1,1,3,1,1,1,1,1,1,2,1,4,4,2,2,1,1,1,1,3,1,1,24,1,1,1,1,3
280,1,2,2,2,2,1,2,2,1,2,1,1,2,1,3,1,2,1,2,2,1,3,2,2,2,2,1,1,1,4,1,1,44,1,2,2,2,2
281,1,4,2,4,4,1,2,3,1,5,1,1,4,1,2,1,2,1,2,2,1,6,4,3,2,1,1,1,1,3,1,1,46,1,2,2,1,4
282,1,2,2,3,3,1,2,3,1,4,2,1,3,1,2,1,1,1,2,2,1,5,3,2,1,2,1,1,1,4,1,1,44,1,1,2,2,3
283,1,4,3,4,4,1,2,2,1,4,1,1,4,1,1,1,3,1,3,3,1,4,4,1,3,2,1,1,1,4,1,1,50,1,3,2,2,4
284,1,4,3,4,4,1,2,2,1,4,1,1,4,1,1,1,3,1,3,3,1,4,4,1,3,2,1,1,1,4,1,1,50,1,3,2,2,4
285,1,2,3,3,3,1,1,3,1,4,1,1,3,1,3,2,3,1,3,3,1,4,3,3,3,1,1,1,1,1,1,1,40,1,3,1,1,3
286,1,3,3,3,3,1,1,2,1,3,1,1,3,1,3,2,3,1,2,2,1,4,3,3,3,1,1,1,1,5,1,1,41,1,3,2,2,3
287,1,2,2,3,3,1,2,2,1,3,2,1,3,1,2,2,1,1,2,2,1,4,4,1,1,2,1,1,1,4,1,1,42,1,1,2,2,3
288,1,3,3,3,3,1,2,2,1,4,1,1,3,1,2,2,4,1,1,3,1,4,4,1,2,2,1,1,1,3,1,1,36,1,1,2,1,3
289,1,5,3,5,5,1,2,3,1,4,1,1,5,1,3,2,2,1,1,3,1,5,5,4,2,2,1,1,1,2,1,1,52,1,3,2,2,4
290,1,3,2,4,4,1,2,3,1,3,1,1,3,1,2,3,2,1,1,3,1,5,3,2,2,1,1,2,1,4,1,1,33,1,2,1,2,3
291,1,3,3,3,4,1,2,3,1,5,2,1,4,1,3,2,2,1,2,2,1,4,4,2,2,2,1,1,1,2,1,1,45,1,2,3,1,3
292,1,6,3,5,4,1,2,4,1,5,1,1,3,1,2,2,1,1,2,5,1,6,3,6,2,1,1,1,1,4,1,1,35,1,1,1,1,4
293,1,4,3,5,5,1,2,1,1,5,1,1,4,1,6,2,3,1,3,2,1,5,6,3,3,1,1,1,1,5,1,1,47,1,4,4,2,5
294,1,6,6,6,6,1,2,6,1,6,1,1,6,1,1,1,1,1,1,2,1,6,6,1,1,2,1,1,1,4,1,1,40,1,1,6,2,6
295,1,4,2,5,5,1,2,3,1,6,2,1,5,1,2,3,2,1,1,2,1,6,5,2,2,1,1,1,1,4,1,1,38,1,2,3,1,5
296,1,3,2,3,3,1,2,3,1,5,2,1,3,1,3,2,2,1,2,3,1,5,3,2,3,2,1,2,1,2,1,1,47,1,2,2,4,4
297,1,4,3,4,5,1,1,4,1,4,1,1,4,1,4,2,4,1,2,3,1,5,5,3,2,1,1,1,1,2,1,1,44,1,2,4,2,5
298,1,4,3,5,5,1,2,1,1,5,1,1,4,1,6,3,3,1,3,2,1,5,6,3,3,1,1,1,1,5,1,1,47,1,4,4,2,5
299,1,5,1,5,5,1,2,3,1,6,1,1,5,1,3,4,1,1,1,3,1,6,5,2,1,2,1,1,1,4,1,1,34,1,1,3,2,5
300,1,3,3,4,3,1,1,3,1,4,1,1,4,1,4,3,3,1,1,4,1,5,4,3,3,1,1,1,1,2,1,1,48,1,3,3,2,4
301,1,3,4,3,4,1,2,3,1,4,1,1,3,1,4,4,1,1,1,4,1,5,4,3,3,2,1,1,1,2,1,1,38,1,2,3,1,3
302,1,3,4,3,4,1,2,3,1,4,1,1,3,1,4,4,1,1,1,4,1,5,4,3,3,2,1,1,1,2,1,1,38,1,2,3,1,3
303,1,5,2,4,4,1,2,3,1,6,1,1,3,1,2,4,2,1,2,4,1,5,3,2,2,2,1,3,1,3,1,1,34,1,2,2,1,4
304,1,4,3,4,4,3,2,2,1,5,2,1,4,1,4,3,2,1,2,4,1,5,4,2,3,2,1,1,1,1,1,1,51,1,2,4,2,3
305,1,5,3,5,5,1,2,3,1,5,3,1,5,1,3,4,3,1,3,3,1,6,4,3,3,2,1,1,1,2,1,1,40,1,3,3,1,3
306,1,4,4,5,5,1,1,3,1,5,2,1,5,1,3,2,3,1,3,4,1,5,5,3,3,2,1,3,1,2,1,1,44,1,3,3,0,4
307,1,4,5,5,5,1,2,2,1,6,2,1,4,1,5,3,4,1,3,4,1,6,3,3,3,1,1,2,1,2,1,1,45,1,3,3,2,3
308,1,3,2,2,2,1,1,4,1,6,3,1,3,1,3,3,2,1,3,3,1,5,3,3,2,2,1,3,1,1,1,1,27,1,2,3,1,2
309,1,6,4,6,6,1,1,1,1,6,3,1,6,1,4,3,2,1,2,3,1,6,6,2,2,1,1,2,1,5,1,1,45,1,2,4,2,6
310,1,4,5,5,5,1,2,3,1,5,2,1,5,1,4,4,4,1,3,4,1,5,5,3,3,1,1,2,1,4,1,1,47,1,2,3,2,5
311,1,5,4,5,5,1,2,2,1,4,3,1,5,1,4,3,4,1,2,3,1,5,5,4,4,1,1,3,1,2,1,1,35,1,4,3,2,5
312,1,5,3,6,5,1,2,3,1,4,1,1,4,1,5,4,2,1,3,5,1,5,3,2,2,2,1,1,1,6,1,1,26,1,2,5,1,5
313,1,5,3,6,5,1,2,3,1,4,1,1,4,1,5,4,2,1,3,5,1,5,3,2,2,2,1,1,1,6,1,1,26,1,2,5,1,5
314,1,5,3,6,5,1,2,2,1,5,4,1,5,1,3,3,2,1,3,3,1,5,5,3,3,1,1,1,1,4,1,1,27,1,3,5,1,6
315,1,5,3,6,5,1,2,2,1,5,4,1,5,1,3,3,2,1,3,3,1,5,5,3,3,1,1,1,1,4,1,1,27,1,3,5,1,6
316,1,3,3,4,4,1,2,2,1,4,1,1,4,1,3,4,3,1,3,4,1,6,4,3,3,1,1,2,1,5,1,1,33,1,3,5,1,5
317,1,4,3,4,5,1,2,4,1,5,3,1,5,1,3,4,3,1,3,3,1,4,5,3,3,1,1,3,1,4,1,1,47,1,3,3,2,5
318,1,3,3,5,5,1,1,3,1,5,3,1,4,1,3,4,3,1,3,5,1,5,5,2,2,2,1,1,1,3,1,1,23,1,2,4,1,5
319,1,5,3,4,5,1,1,2,1,4,3,1,4,1,5,4,3,1,2,4,1,4,4,3,3,2,1,2,1,4,1,1,32,1,3,4,1,4
320,1,5,3,3,4,1,2,5,1,1,3,1,3,1,4,3,4,1,3,4,1,4,5,3,4,2,1,3,1,4,1,1,53,1,3,4,2,5
321,1,5,3,3,4,1,2,5,1,1,3,1,3,1,4,3,4,1,3,4,1,4,5,3,4,2,1,3,1,4,1,1,53,1,3,4,2,5
322,1,4,5,5,4,1,2,2,1,6,2,1,4,1,4,4,3,1,3,4,1,5,5,3,3,2,1,3,1,3,1,1,44,1,3,4,2,4
323,1,4,5,5,4,1,2,2,1,6,2,1,4,1,4,4,3,1,3,4,1,5,5,3,3,2,1,3,1,3,1,1,44,1,3,4,2,4
324,1,5,4,5,5,1,2,6,1,6,4,1,4,1,4,4,4,1,3,4,1,6,5,3,2,1,1,2,1,2,1,1,55,1,2,4,3,4
325,1,5,3,5,5,1,2,2,1,6,4,1,5,1,3,4,5,1,4,4,1,6,5,2,2,2,1,2,1,4,1,1,37,1,2,5,2,5
326,1,4,3,5,5,1,2,2,1,5,4,1,4,1,3,4,3,1,3,4,1,6,4,3,3,2,1,3,1,4,1,1,48,1,3,4,1,4
327,1,6,5,6,6,1,2,1,1,5,1,1,6,1,6,4,4,1,5,5,1,6,4,5,4,2,1,4,1,4,1,1,54,1,4,5,2,5
328,1,6,5,6,6,1,2,1,1,5,1,1,6,1,6,4,4,1,5,5,1,6,4,5,4,2,1,4,1,4,1,1,54,1,4,5,2,5
329,1,5,3,5,3,1,2,4,1,4,4,1,5,1,4,4,3,1,4,4,1,6,5,3,3,1,1,4,1,3,1,1,48,1,3,4,2,5
330,1,5,3,5,6,1,2,1,1,6,4,1,5,1,6,5,3,1,4,6,1,5,4,3,4,1,1,1,1,1,1,1,50,1,5,5,2,4
331,1,4,5,5,5,1,2,3,1,6,4,1,5,1,3,5,5,1,5,5,1,6,5,3,3,1,1,4,1,3,1,1,44,1,3,4,1,5
332,1,5,5,4,5,1,2,3,1,4,4,1,5,1,5,5,4,1,5,5,1,5,4,3,4,2,1,4,1,5,1,1,40,1,4,5,2,5
333,1,5,3,5,6,1,2,1,1,6,4,1,5,1,5,5,3,1,4,6,1,5,4,3,4,1,1,5,1,1,1,1,50,1,5,5,2,4
334,1,5,5,5,5,1,2,1,1,6,5,1,5,1,5,5,5,1,5,5,1,6,5,5,5,1,1,5,1,1,1,1,43,1,5,5,2,5
335,1,5,4,6,5,1,2,1,1,6,5,1,6,1,6,6,5,1,5,6,1,6,5,5,5,2,1,4,1,3,1,1,42,1,5,5,4,5
336,1,6,6,6,6,1,2,1,1,6,6,1,6,1,5,6,5,1,2,6,1,6,6,5,5,1,1,5,1,3,1,1,38,1,5,6,1,6
337,1,3,2,4,4,1,2,2,1,5,1,1,4,1,2,2,2,1,2,3,1,5,5,2,3,2,2,1,1,4,1,1,29,1,2,3,2,4
338,1,4,3,4,3,1,2,3,1,3,2,1,3,1,2,2,3,1,2,3,1,5,5,2,3,1,2,1,1,3,1,1,52,1,3,2,2,3
339,1,5,3,4,5,2,2,3,1,4,2,1,4,1,3,3,2,1,4,3,1,5,3,3,2,1,2,2,1,1,1,1,40,1,2,3,2,3
340,1,4,4,4,3,1,2,3,1,5,3,1,4,1,3,2,3,1,3,3,1,5,3,2,2,1,1,2,1,4,1,1,34,2,2,3,2,3
341,1,4,4,4,4,1,2,1,1,5,3,1,4,1,5,4,3,1,1,3,1,6,4,5,4,2,2,1,1,2,1,1,33,1,3,3,1,3
342,1,3,4,4,2,1,2,2,1,5,2,1,3,1,3,3,3,1,3,4,1,6,4,3,2,2,2,2,1,4,1,1,38,1,2,4,1,4
343,1,5,3,5,5,1,2,2,1,6,3,1,5,1,3,4,4,1,4,4,1,6,5,3,3,2,2,3,1,5,1,1,35,1,2,3,1,5
344,1,5,3,5,5,1,2,3,1,6,4,1,5,1,3,4,4,1,3,4,1,6,5,4,2,2,2,2,1,1,1,1,58,1,2,4,2,5
345,1,4,4,5,5,1,2,2,1,5,3,1,4,1,3,4,3,1,4,5,1,5,4,4,4,1,2,3,1,4,1,1,44,1,2,4,2,4
346,1,5,2,4,5,1,2,3,1,5,2,1,3,1,2,3,2,1,3,3,1,6,3,2,1,1,2,2,1,3,1,1,44,2,1,3,2,3
347,1,4,4,4,4,1,2,2,1,5,4,1,4,1,4,2,3,1,4,3,1,5,4,4,3,2,3,1,1,4,1,1,52,1,2,4,4,4
348,1,5,4,5,5,1,2,2,1,5,3,1,5,1,2,3,3,1,4,3,1,5,5,3,4,2,3,2,1,4,1,1,29,1,2,3,1,5
349,1,4,2,4,5,1,2,3,1,6,4,1,4,1,3,2,3,1,4,4,1,6,4,2,2,2,3,1,1,1,1,1,63,1,2,4,2,5
350,1,5,5,5,5,1,2,4,1,6,3,1,5,1,4,3,4,1,2,3,1,6,5,5,4,1,2,3,1,4,1,1,40,2,3,3,1,5
351,1,4,4,5,5,1,1,2,1,5,3,1,5,1,4,4,3,1,4,4,1,5,4,3,3,1,2,3,1,4,1,1,44,2,3,4,1,5
352,1,4,4,4,4,1,2,3,1,5,4,1,4,1,3,4,3,1,2,4,1,5,4,3,3,2,2,3,1,2,1,1,28,2,3,4,1,4
353,1,5,5,5,5,1,2,2,1,5,3,1,5,1,5,5,3,1,4,5,1,6,5,4,3,1,2,2,1,4,1,1,52,2,3,4,4,5
354,1,6,5,5,6,1,2,1,1,5,2,1,5,1,4,4,2,1,3,3,1,6,6,4,3,1,4,1,1,4,1,1,50,1,3,4,2,5
355,1,3,3,4,4,1,2,2,1,4,3,1,4,1,3,4,4,1,4,4,1,4,4,3,3,2,3,2,1,4,1,1,62,2,2,3,2,3
356,1,4,3,3,4,1,1,2,1,5,4,1,3,1,3,6,4,1,4,6,1,5,4,4,4,1,2,3,1,1,1,1,40,3,3,5,1,3
357,1,4,3,4,4,1,2,3,1,5,1,1,4,1,4,4,4,1,5,5,1,5,4,5,5,2,5,4,1,4,1,1,47,1,4,1,2,3
358,1,5,3,6,5,1,1,1,1,6,1,1,5,1,3,4,3,1,3,4,1,4,3,3,3,2,3,3,1,1,1,1,40,3,3,4,2,5
359,1,4,3,5,5,1,2,1,1,4,4,1,5,1,3,3,3,1,4,4,1,5,3,3,3,1,5,3,1,3,1,1,48,1,3,3,2,4
360,1,5,5,5,5,1,2,1,1,6,3,1,5,1,5,5,5,1,5,5,1,6,5,4,4,1,1,3,1,3,1,1,23,3,3,4,1,5
361,1,3,3,5,4,1,2,2,1,5,4,1,3,1,3,2,3,1,2,3,1,6,4,2,2,1,4,2,1,4,1,1,33,3,2,4,1,5
362,1,4,2,4,4,2,2,3,1,4,1,1,4,1,2,1,1,2,1,2,1,5,4,1,1,1,1,1,1,2,1,1,44,1,1,1,2,4
363,1,4,5,4,4,1,2,2,1,6,3,1,4,1,5,3,4,2,4,3,1,6,4,5,2,2,1,3,1,4,1,1,30,1,2,3,0,4
364,1,3,3,4,5,1,2,2,1,5,4,1,3,1,3,2,4,2,3,5,1,4,4,2,2,2,1,3,1,2,1,1,47,1,3,4,2,3
365,1,5,4,5,3,1,2,2,1,5,3,1,5,1,2,4,4,2,4,5,1,6,5,3,2,1,2,2,1,4,1,1,25,1,2,4,1,4
366,1,6,6,6,6,2,2,3,1,6,5,1,6,1,4,5,5,2,5,5,1,6,6,4,4,2,3,4,1,3,1,1,35,2,3,5,2,6
367,1,5,4,3,5,1,1,3,1,5,4,1,4,1,5,4,3,2,3,5,1,6,4,3,2,2,3,2,1,3,1,1,34,3,2,6,2,4
368,1,5,4,6,5,1,2,2,1,6,4,1,5,1,3,4,4,2,4,4,1,6,6,3,4,2,4,3,1,4,1,1,28,4,4,4,1,5
369,1,3,3,3,4,1,1,4,1,3,2,1,3,1,4,2,3,2,1,2,2,4,3,2,2,2,1,1,1,2,2,1,30,1,2,2,1,3
370,1,2,2,3,3,1,2,2,2,3,2,1,3,1,2,2,1,2,2,2,1,3,3,2,1,2,2,1,1,3,2,1,28,1,1,2,1,3
371,1,4,2,4,4,1,2,2,1,5,1,1,4,2,2,1,1,1,1,2,2,4,4,3,2,1,2,1,1,3,1,1,24,2,2,2,1,4
372,1,3,4,5,5,2,2,2,1,5,3,1,5,1,5,4,4,3,4,4,1,5,5,3,3,1,2,2,1,3,3,1,35,2,3,3,2,4
373,1,5,5,5,5,1,2,1,1,5,3,1,5,1,5,5,5,3,4,5,1,6,5,3,4,2,3,2,1,3,1,1,22,2,3,5,1,5
374,1,2,3,1,3,1,2,1,1,3,1,2,2,1,2,1,1,2,1,2,2,2,2,2,2,2,1,1,1,4,2,1,53,1,2,1,1,2
375,1,3,2,4,4,2,2,3,2,4,1,1,4,1,2,1,2,2,1,2,2,5,4,3,3,1,1,1,1,1,1,1,48,1,3,1,2,3
376,1,2,2,3,3,1,2,3,2,4,2,1,3,1,2,3,3,2,3,2,2,3,3,2,3,2,2,1,1,3,1,1,24,3,2,3,1,4
377,1,1,1,1,1,4,2,3,1,1,1,1,1,3,1,1,1,1,1,3,1,4,3,1,1,1,1,1,3,3,1,1,34,1,1,1,2,3
378,1,1,1,1,1,4,2,3,1,1,1,1,1,3,1,1,1,1,1,3,1,4,3,1,1,1,1,1,3,3,1,1,34,1,1,1,2,3
379,1,4,2,3,4,1,2,2,2,3,2,1,3,1,2,2,2,2,2,3,2,4,3,4,3,1,1,2,2,2,1,1,39,1,1,3,2,3
380,1,4,4,5,4,1,2,3,2,5,2,1,4,2,4,3,2,1,2,3,2,6,4,2,3,1,2,2,1,3,2,2,28,2,3,4,1,4
381,1,3,1,6,6,1,2,1,2,6,1,1,5,1,1,1,1,1,1,2,2,6,4,1,1,2,1,1,3,4,1,2,47,1,1,2,1,4
382,1,3,2,4,3,3,2,2,3,3,1,1,3,1,2,1,2,3,2,2,2,3,4,2,2,1,1,2,1,3,3,1,49,1,2,1,2,4
383,1,4,3,5,4,2,2,2,2,3,4,2,4,2,3,5,3,2,4,4,2,4,4,3,3,2,2,3,2,4,2,2,23,1,3,4,1,4
384,1,3,3,3,3,1,1,3,3,3,5,1,3,2,3,5,3,2,2,4,2,3,3,3,3,2,2,2,2,2,1,2,40,2,3,3,2,3
385,1,2,2,1,2,1,2,3,3,4,1,1,2,1,2,1,2,3,1,1,3,2,3,2,2,2,1,1,3,4,3,1,64,1,2,1,4,2
386,1,5,3,5,5,1,2,2,3,5,2,2,5,2,2,4,2,3,1,3,2,6,5,2,2,2,4,2,3,3,2,2,47,4,2,3,2,5
387,1,5,2,5,4,1,2,3,3,4,3,1,3,3,2,2,1,1,1,3,3,2,4,6,5,1,1,1,4,5,1,4,27,2,2,3,1,3
388,1,5,6,5,5,1,2,3,4,5,3,1,6,3,4,3,2,4,1,4,4,5,6,3,4,1,4,3,2,3,2,1,55,3,3,5,2,5
389,1,5,6,5,5,1,2,3,4,5,3,1,6,3,4,3,2,4,1,4,4,5,6,3,4,1,4,3,2,3,2,1,55,3,3,5,2,5
390,1,6,6,6,6,1,2,4,2,6,6,2,6,4,6,6,1,2,3,6,4,6,6,4,4,1,1,5,3,3,1,3,55,1,4,6,1,6
391,1,3,3,2,4,5,2,3,3,4,1,1,4,1,1,1,1,5,1,2,3,5,4,2,3,2,1,1,6,2,5,3,50,1,2,1,2,4
392,1,4,2,2,3,3,1,3,4,2,1,4,2,4,2,1,1,3,2,1,4,5,3,2,2,2,1,1,4,4,3,4,44,1,2,1,0,2
393,1,3,4,5,6,2,2,2,5,3,5,6,5,5,4,3,2,2,6,4,5,5,3,2,2,2,5,2,2,3,2,6,38,2,2,3,2,2
395,2,1,3,1,1,1,2,6,1,1,1,1,2,1,1,1,2,1,1,1,1,1,2,3,2,1,1,1,1,4,1,1,55,1,2,1,2,1
396,2,3,3,3,3,1,2,3,1,4,1,1,3,1,3,1,3,1,1,1,1,4,3,3,3,1,1,1,1,4,1,1,42,1,3,1,2,3
397,2,5,3,3,4,1,2,3,1,4,1,1,3,1,3,1,3,1,1,1,1,6,4,3,3,1,1,1,1,3,1,1,42,1,3,1,2,4
399,2,3,3,5,3,1,2,2,1,6,1,1,5,1,2,1,3,1,1,2,1,6,4,1,2,1,1,2,1,2,1,1,37,1,1,1,2,4
400,2,3,3,3,3,1,2,3,1,4,1,1,3,1,3,1,3,1,2,2,1,5,3,3,3,1,1,1,1,4,1,1,44,1,3,2,2,3
401,2,3,3,5,4,1,2,2,1,4,1,1,4,1,3,1,3,1,1,3,1,5,4,3,3,2,1,1,1,5,1,1,23,1,3,1,1,5
402,2,4,2,2,3,1,1,1,1,1,1,1,3,1,2,1,2,1,1,4,1,3,5,2,2,1,1,1,1,4,1,1,46,1,2,1,2,3
403,2,3,2,5,4,1,2,6,1,6,1,1,3,1,2,1,2,1,1,3,1,5,3,2,2,2,1,1,1,3,1,1,26,1,2,2,2,4
404,2,5,2,5,5,1,2,4,1,4,1,1,5,1,4,2,1,1,1,2,1,5,4,1,2,1,1,1,1,4,1,1,53,1,2,2,2,5
405,2,5,3,5,5,1,2,2,1,6,1,1,6,1,3,2,2,1,2,2,1,5,4,2,2,1,1,1,1,2,1,1,32,1,1,2,2,5
406,2,3,3,3,3,1,2,3,1,3,1,1,2,1,4,1,3,1,1,3,1,4,3,3,3,2,1,1,1,4,1,1,35,1,3,2,1,2
407,2,4,4,4,4,1,2,4,1,5,1,1,4,1,3,1,3,1,2,3,1,5,4,4,4,1,1,1,1,4,1,1,53,1,3,2,4,4
408,2,4,4,4,4,1,2,4,1,5,1,1,4,1,3,1,3,1,2,3,1,5,4,4,4,1,1,1,1,4,1,1,53,1,3,2,4,4
409,2,4,2,5,5,1,2,4,1,6,1,1,4,1,4,2,2,1,2,3,1,5,6,3,3,2,1,1,1,3,1,1,36,1,3,2,1,4
410,2,4,4,3,4,1,2,2,1,5,2,1,3,1,2,2,2,1,1,2,1,5,4,4,4,1,1,1,1,4,1,1,37,1,2,2,2,4
411,2,6,4,6,5,1,2,2,1,6,1,1,6,1,3,2,3,1,2,3,1,5,4,1,2,1,1,1,1,2,1,1,24,1,1,3,1,6
412,2,4,4,4,4,1,2,2,1,5,1,1,4,1,4,3,2,1,1,3,1,5,4,2,2,1,1,1,1,4,1,1,35,1,2,2,1,4
413,2,6,4,5,5,1,2,3,1,5,1,1,5,1,4,2,3,1,2,2,1,6,4,2,2,1,1,2,1,1,1,1,26,1,2,3,1,6
414,2,5,5,5,5,1,2,1,1,5,3,1,5,1,3,1,3,1,2,2,1,5,6,3,3,2,1,1,1,3,1,1,43,1,2,3,2,5
415,2,5,3,4,5,1,2,2,1,4,1,1,4,1,4,2,4,1,2,3,1,5,4,4,3,2,1,1,1,4,1,1,40,1,3,3,2,4
416,2,3,5,4,4,1,2,3,1,3,3,1,5,1,3,2,1,1,3,2,1,5,4,6,5,2,1,1,1,3,1,1,53,1,3,2,2,5
417,2,3,3,3,3,1,2,3,1,5,2,1,3,1,3,2,3,1,2,3,1,5,3,2,2,2,1,2,1,2,1,1,45,1,2,2,4,3
418,2,3,3,3,3,1,2,3,1,5,2,1,3,1,3,2,3,1,2,3,1,5,3,2,2,2,1,2,1,2,1,1,45,1,2,2,4,3
419,2,3,3,4,4,2,2,4,1,5,1,1,4,1,3,3,3,1,2,3,1,6,3,2,2,1,1,1,1,3,1,1,49,1,2,3,2,4
420,2,5,4,5,5,1,2,2,1,5,1,1,5,1,4,2,3,1,2,3,1,5,4,2,2,1,1,2,1,1,1,1,38,1,2,3,2,5
421,2,5,2,5,5,1,2,5,1,5,1,1,5,1,3,1,2,1,3,4,1,6,6,6,3,2,1,1,1,6,1,1,39,1,3,4,2,5
422,2,4,3,5,5,1,2,2,1,5,2,1,5,1,4,2,2,1,2,3,1,5,4,3,3,1,1,2,1,1,1,1,46,1,2,3,2,5
423,2,5,4,4,5,1,2,3,1,4,1,1,4,1,4,2,4,1,2,4,1,3,5,4,3,2,1,2,1,3,1,1,35,1,3,3,2,5
424,2,3,2,3,3,1,2,4,1,5,1,1,3,1,3,3,3,1,3,3,1,5,4,2,2,2,1,3,1,4,1,1,36,1,2,3,2,4
425,2,4,4,5,5,1,2,3,1,5,2,1,5,1,4,3,3,1,2,3,1,5,4,2,2,1,1,2,1,1,1,1,30,1,2,3,1,5
426,2,5,3,6,6,1,2,2,1,6,2,1,6,1,3,2,2,1,3,4,1,6,5,3,3,2,1,2,1,3,1,1,47,1,3,3,4,6
427,2,4,4,4,4,1,2,2,1,4,1,1,4,1,5,4,3,1,1,4,1,5,4,2,2,2,1,1,1,3,1,1,24,1,2,3,1,4
428,2,4,4,4,4,1,2,2,1,4,1,1,4,1,5,4,3,1,1,4,1,5,4,2,2,2,1,1,1,3,1,1,24,1,2,3,1,4
429,2,5,5,5,5,1,2,3,1,5,4,1,5,1,4,1,3,1,3,3,1,5,5,4,3,1,1,1,1,4,1,1,52,1,4,4,2,5
430,2,4,3,4,4,1,2,3,1,5,2,1,3,1,3,2,2,1,1,4,1,5,4,2,2,2,1,2,1,4,1,1,43,1,2,4,2,4
431,2,4,3,4,4,1,2,3,1,5,2,1,3,1,3,2,2,1,1,4,1,5,4,2,2,2,1,2,1,4,1,1,43,1,2,4,2,4
432,2,4,3,4,4,1,2,3,1,5,1,1,4,1,3,3,2,1,3,4,1,5,4,3,3,2,1,2,1,4,1,1,43,1,2,4,4,4
433,2,3,4,4,5,1,2,3,1,5,2,1,3,1,5,3,3,1,3,3,1,6,3,3,3,1,1,3,1,2,1,1,24,1,3,3,1,4
434,2,4,3,4,3,1,2,3,1,3,2,1,5,1,5,3,4,1,3,3,1,4,3,3,4,2,1,4,1,1,1,1,41,1,3,2,2,4
435,2,5,5,5,5,1,2,1,1,5,1,1,5,1,5,4,4,1,1,3,1,6,5,5,4,2,1,4,1,3,1,1,58,1,4,2,4,5
436,2,3,2,3,3,1,2,3,1,3,2,1,3,1,3,3,2,1,4,5,1,5,3,4,3,1,1,2,1,4,1,1,44,1,3,3,1,3
437,2,5,3,4,4,2,2,5,1,5,1,1,4,1,2,4,2,1,3,4,1,5,6,3,3,1,1,2,1,4,1,1,30,1,2,5,1,5
438,2,5,4,5,5,1,2,3,1,4,2,1,5,1,4,4,4,1,3,4,1,4,5,3,2,2,1,2,1,1,1,1,36,1,2,4,2,5
439,2,5,5,5,5,1,2,3,1,5,4,1,5,1,3,3,3,1,4,4,1,5,5,3,3,2,1,1,1,4,1,1,48,1,3,4,2,5
440,2,5,2,5,5,1,2,3,1,6,2,1,5,1,2,4,1,1,3,4,1,6,5,2,2,2,1,2,1,3,1,1,52,1,2,5,2,5
441,2,5,4,5,5,1,2,1,1,6,2,1,5,1,5,3,3,1,3,6,1,6,5,2,3,2,1,2,1,3,1,1,47,1,3,4,2,5
442,2,5,3,4,5,1,2,2,1,4,3,1,5,1,4,3,5,1,2,5,1,5,5,3,3,1,1,3,1,3,1,1,50,1,3,3,2,3
443,2,3,3,3,3,1,2,2,1,3,3,1,3,1,5,3,3,1,4,5,1,5,3,4,4,1,1,3,1,4,1,1,44,1,4,3,1,3
444,2,4,3,4,4,1,1,2,1,4,4,1,4,1,3,4,2,1,2,4,1,5,4,3,2,1,1,2,1,3,1,1,32,1,2,4,1,4
445,2,4,3,4,4,1,2,3,1,6,3,1,3,1,3,4,3,1,2,4,1,6,4,4,3,2,1,2,1,4,1,1,32,1,3,5,2,3
446,2,5,4,5,3,1,2,4,1,4,3,1,3,1,5,4,3,1,4,4,1,4,5,3,3,1,1,4,1,0,1,1,31,1,3,3,1,4
447,2,4,4,4,4,1,2,2,1,4,4,1,4,1,3,3,4,1,3,4,1,4,4,4,4,1,1,3,1,4,1,1,48,1,3,4,1,4
448,2,6,5,5,6,1,2,2,1,6,2,1,5,1,4,5,4,1,5,4,1,5,5,4,3,2,1,2,1,4,1,1,41,1,3,5,2,5
449,2,5,5,5,5,1,2,4,1,6,4,1,5,1,4,3,4,1,4,4,1,5,5,4,5,2,1,3,1,3,1,1,62,1,4,4,2,5
450,2,5,5,5,5,1,2,1,1,5,1,1,5,1,5,5,5,1,4,5,1,5,5,5,5,2,1,2,1,4,1,1,35,1,5,5,2,5
451,2,6,6,6,6,1,2,1,1,6,4,1,6,1,6,4,6,1,4,4,1,6,6,6,6,2,1,3,1,3,1,1,21,1,6,3,1,6
452,2,5,4,5,6,1,2,3,1,5,2,1,6,1,3,5,3,1,4,4,1,5,5,3,2,2,1,3,1,4,1,1,27,1,2,5,2,6
453,2,5,5,5,6,1,2,3,1,5,2,1,4,1,4,5,4,1,3,5,1,5,4,4,3,2,1,3,1,2,1,1,32,1,3,5,2,5
454,2,4,4,5,4,1,2,1,1,4,3,1,4,1,5,5,4,1,2,4,1,4,4,4,4,2,1,4,1,4,1,1,43,1,4,4,3,4
455,2,5,5,6,6,1,2,3,1,6,4,1,5,1,5,5,4,1,4,4,1,6,6,5,5,2,1,2,1,3,1,1,39,1,5,6,1,6
456,2,5,5,6,6,1,2,2,1,5,5,1,6,1,4,4,4,1,2,5,1,6,6,3,3,1,1,2,1,4,1,1,47,1,3,6,4,6
457,2,5,5,6,6,1,2,2,1,5,5,1,6,1,4,4,4,1,2,5,1,6,6,3,3,1,1,2,1,4,1,1,47,1,3,6,4,6
458,2,5,5,6,6,1,2,2,1,5,5,1,6,1,4,4,4,1,2,5,1,6,6,3,3,1,1,2,1,0,1,1,47,1,3,6,0,6
459,2,3,4,4,4,1,2,2,1,5,5,1,3,1,4,4,3,1,5,5,1,6,4,4,3,2,1,4,1,0,1,1,36,1,3,5,0,5
460,2,3,4,4,4,1,2,2,1,5,5,1,3,1,4,4,3,1,5,5,1,6,4,4,3,2,1,4,1,3,1,1,36,1,3,5,0,5
461,2,5,4,4,5,1,1,4,1,4,5,1,5,1,5,5,2,1,1,5,1,5,5,5,4,1,1,3,1,4,1,1,35,1,4,5,1,5
462,2,5,5,5,5,1,2,2,1,5,5,1,5,1,4,4,3,1,3,5,1,6,5,5,3,2,1,4,1,4,1,1,53,1,4,5,1,5
463,2,5,5,5,5,1,2,2,1,5,5,1,5,1,4,4,3,1,3,5,1,6,5,5,3,2,1,4,1,4,1,1,53,1,4,5,1,5
464,2,5,5,6,6,1,2,1,1,6,4,1,5,1,5,5,5,1,5,5,1,5,5,5,5,1,1,5,1,1,1,1,51,1,4,4,4,5
465,2,5,5,5,5,1,2,3,1,5,5,1,5,1,5,5,4,1,4,5,1,6,5,5,5,2,1,5,1,4,1,1,35,1,5,5,2,5
466,2,5,5,5,5,1,2,1,1,6,5,1,5,1,5,5,5,1,5,5,1,6,5,5,5,1,1,5,1,4,1,1,42,1,5,5,4,5
467,2,5,6,5,5,1,2,3,1,6,5,1,5,1,6,5,5,1,5,6,1,5,5,4,4,1,1,5,1,2,1,1,24,1,3,5,1,4
468,2,4,6,3,4,1,2,1,1,6,6,1,3,1,4,6,6,1,4,6,1,6,4,3,4,1,1,3,1,4,1,1,37,1,4,6,2,4
469,2,6,6,6,6,1,2,2,1,6,5,1,6,1,6,6,5,1,6,6,1,6,6,6,6,2,1,6,1,4,1,1,34,1,6,6,2,6
470,2,4,3,4,4,1,2,1,1,4,1,1,3,1,3,2,3,1,2,3,1,4,4,3,3,2,2,1,1,4,1,1,35,1,3,3,2,3
471,2,3,5,5,5,1,2,3,1,5,1,1,2,1,2,1,2,1,2,5,1,6,2,1,1,1,2,1,1,3,1,1,37,1,2,4,2,3
472,2,3,5,5,5,1,2,3,1,5,1,1,2,1,2,1,2,1,2,5,1,6,2,1,1,1,2,1,1,3,1,1,37,1,2,4,2,3
473,2,5,3,5,5,1,2,2,1,5,3,1,5,1,3,3,3,1,2,3,1,5,5,2,2,2,1,2,1,4,1,1,40,2,2,3,1,5
474,2,5,4,5,5,1,2,3,1,5,1,1,5,1,4,3,3,1,3,5,1,6,5,3,3,1,2,3,1,1,1,1,37,1,3,4,2,4
475,2,4,4,4,3,1,2,2,1,4,3,1,3,1,3,3,3,1,4,4,1,4,3,3,4,1,2,3,1,2,1,1,42,1,3,4,2,4
476,2,4,5,5,5,1,2,2,1,5,3,1,4,1,4,5,3,1,3,3,1,6,5,3,3,2,2,2,1,4,1,1,36,1,3,5,1,5
477,2,6,5,5,5,3,2,1,1,6,3,1,5,1,5,3,5,1,3,5,1,6,5,5,5,2,2,2,1,3,1,1,39,1,5,5,2,6
478,2,4,2,3,3,1,1,1,1,4,4,1,4,1,4,5,2,1,4,6,1,5,4,4,3,1,2,1,1,4,1,1,36,1,2,5,2,4
479,2,6,6,5,6,1,2,2,1,6,3,1,5,1,5,6,5,1,6,4,1,6,6,5,6,1,1,5,1,4,1,1,33,2,5,5,2,6
480,2,6,6,6,6,1,2,1,1,6,4,1,6,1,6,6,6,1,5,5,1,6,6,6,6,2,2,4,1,3,1,1,28,1,6,5,1,6
481,2,4,3,5,5,1,2,2,1,6,1,1,5,1,2,3,2,1,2,4,1,6,5,2,2,1,2,1,1,2,1,1,46,2,2,3,1,6
482,2,4,3,4,5,1,2,2,1,5,1,1,4,1,3,2,2,1,2,4,1,6,4,3,3,1,2,2,1,2,1,1,52,2,2,3,0,4
483,2,4,3,3,3,1,2,2,1,4,1,1,3,1,4,3,3,1,2,3,1,5,3,3,2,2,2,1,1,2,1,1,25,2,2,4,1,3
484,2,4,4,5,5,1,2,5,1,5,2,1,5,1,3,3,2,1,4,3,1,5,4,3,2,1,2,1,1,3,1,1,55,2,2,5,2,5
485,2,5,3,5,5,1,2,2,1,4,4,1,4,1,3,3,2,1,3,4,1,2,4,3,3,2,2,3,1,4,2,1,42,2,2,4,2,5
486,2,6,5,6,6,1,2,2,1,6,4,1,6,1,6,5,5,1,5,4,1,5,6,5,5,1,2,4,1,4,1,1,30,2,5,5,1,6
487,2,6,5,6,6,2,2,2,1,5,5,1,6,1,4,5,4,1,5,5,1,6,6,4,4,1,2,4,1,1,1,1,40,2,4,4,2,6
488,2,6,6,6,6,1,2,1,1,6,5,1,6,1,6,6,6,1,6,6,1,5,6,6,6,2,2,6,1,3,1,1,24,2,6,6,1,6
489,2,6,6,6,6,1,2,1,1,6,6,1,6,1,6,6,6,1,6,6,1,6,6,6,6,2,2,6,1,2,1,1,63,2,6,6,2,6
490,2,5,5,5,5,1,2,3,1,5,3,1,5,1,4,3,3,1,4,4,1,6,6,4,4,1,3,4,1,4,1,1,44,2,4,4,1,6
491,2,5,5,5,5,1,2,1,1,4,1,1,5,1,3,3,1,1,2,3,1,6,5,1,1,1,3,3,1,1,1,1,44,3,1,3,2,5
492,2,4,4,5,5,1,2,3,1,5,5,1,4,1,4,5,3,1,3,5,1,5,5,3,3,1,2,3,1,1,1,1,27,4,4,5,1,5
493,2,3,2,4,6,1,2,1,1,3,3,1,5,1,2,6,2,1,2,6,1,5,3,2,2,2,4,1,1,4,1,1,34,4,2,6,1,4
494,2,3,2,4,6,1,2,1,1,3,3,1,5,1,2,6,2,1,2,6,1,5,3,2,2,2,4,1,1,4,1,1,34,4,2,6,1,4
495,2,2,4,2,2,1,2,5,1,4,3,1,2,1,4,2,4,2,3,3,1,5,2,4,4,2,1,1,1,4,1,1,42,1,4,3,2,2
496,2,4,3,4,4,1,2,2,1,5,2,1,3,1,3,3,3,1,2,3,2,5,3,3,3,1,1,2,1,3,1,1,53,1,3,3,2,3
497,2,5,5,5,5,1,2,2,1,5,3,1,5,1,4,2,3,1,2,4,1,6,5,3,3,2,1,2,2,3,1,1,37,1,2,4,2,5
498,2,3,5,4,5,1,2,3,1,6,4,1,5,2,6,5,4,1,4,5,1,6,5,3,4,1,1,4,1,3,1,1,25,1,4,4,1,4
499,2,4,5,5,5,1,2,4,1,5,2,1,5,1,4,3,2,1,2,4,1,5,5,3,2,1,2,2,2,4,1,1,38,2,3,3,1,5
500,2,5,4,6,6,1,2,2,1,5,3,1,6,1,4,4,4,1,4,5,2,6,6,5,4,1,2,4,1,2,1,1,29,2,4,5,1,6
501,2,6,5,6,5,1,2,1,1,5,6,1,5,1,6,5,5,1,6,6,1,6,5,5,6,2,2,4,2,3,1,1,35,2,5,5,1,6
502,2,5,5,5,5,1,2,3,2,5,3,1,5,1,5,5,5,1,5,6,1,3,5,5,5,1,2,2,1,4,1,1,43,5,5,5,2,5
503,2,5,5,5,5,1,2,1,1,5,2,1,5,1,3,3,3,1,3,1,1,6,5,3,3,2,1,2,3,4,1,1,41,1,3,1,1,5
504,2,6,6,6,6,3,2,3,1,4,2,1,6,2,3,3,2,1,1,4,2,6,6,2,2,1,1,1,1,4,2,1,39,1,2,3,1,6
505,2,4,6,3,3,1,2,5,2,4,3,1,2,1,5,3,6,2,3,4,1,4,4,5,5,2,1,2,1,3,1,1,41,1,4,3,1,3
506,2,5,3,4,4,1,2,2,2,4,2,1,3,1,3,2,2,1,2,4,2,5,4,3,3,2,2,2,1,4,1,1,34,1,2,3,1,4
507,2,4,5,6,5,1,2,2,1,5,6,1,4,1,4,5,3,1,4,4,1,6,5,3,3,1,3,3,3,2,1,1,42,2,3,4,2,6
508,2,4,5,5,5,1,2,2,1,4,2,1,5,2,5,5,5,1,3,4,1,6,5,4,4,2,3,3,1,4,1,2,24,4,4,5,1,5
509,2,5,4,5,5,2,2,4,1,4,5,1,5,2,4,3,3,1,3,4,2,5,5,3,3,1,5,3,1,3,1,1,65,4,3,5,2,5
510,2,6,5,6,6,1,2,2,1,4,4,1,5,1,5,6,6,2,4,4,1,6,6,5,5,1,1,2,3,3,1,1,26,1,5,4,1,5
511,2,3,2,4,4,1,2,3,2,4,1,1,4,1,2,2,1,2,1,3,2,5,4,2,2,2,2,1,2,1,1,1,30,2,1,3,1,4
512,2,5,4,5,4,1,2,4,2,6,3,1,5,1,3,4,4,3,2,3,3,6,4,4,3,2,5,3,2,1,2,1,56,5,4,4,1,4
513,2,2,1,4,1,1,2,3,2,4,1,1,3,1,1,1,1,1,1,1,3,5,4,1,1,1,1,1,4,4,3,2,40,1,1,1,1,3
514,2,4,3,4,4,2,2,3,2,4,3,2,4,2,2,4,2,2,3,3,2,4,5,2,2,2,2,2,2,4,2,2,29,2,3,4,1,5
515,2,4,3,4,4,2,2,3,2,4,3,2,4,2,2,4,2,2,3,3,2,4,5,2,2,2,2,2,2,4,2,2,29,2,3,4,1,5
516,2,5,3,5,5,3,2,3,3,4,3,3,5,3,3,3,3,3,3,3,3,5,6,3,3,1,3,3,3,3,3,3,32,3,3,3,1,6
517,2,4,2,5,5,3,2,3,5,3,3,6,5,5,1,3,1,4,2,5,5,3,4,1,5,1,2,2,4,4,4,5,25,1,2,3,1,4
518,2,5,1,3,3,1,2,3,5,3,4,5,2,5,2,1,1,5,4,1,5,3,5,4,4,2,4,1,5,2,1,5,42,4,3,4,1,3
