Participantsex,Leadersex,Group,Typeofcompany,Maniexp1,Maniexp2,VARCOMPETENCE,VARWARMTH,VARADMIRATION,VARENVY,VARDISGUST,VARRECASSESSMENT,VARRECREPLACEMENTLEADER,VARRECRESPONSAATRIB,Assessmentleader,Responsaatribu,Replacementleader,Competent,Confident,Capable,Efficient,Intelligent,Skilful,Friendly,Wellintentioned,Trustworthy,Warm,Goodnatured,Sincere,Jealous,Envious,Admiring,Proud,Respectful,Inspired,Uneasy,Angry,Desprecio,Resentful,Molestia,Disgusted,Hateful,Frustrated,Ashamed,Pity,Simpaty,Maritalstatus,Age,Province,Nationality,Levelofeducation,Profession
1,1,1,1,5,5,3.66666666666667,1,1,1,1,1,3,2,6,5,4,4,4,4,4,2,4,1,1,1,1,1,1,1,1,1,1,1,1,1,1,1,1,1,1,1,1,1,1,1,2,53,León,Española,1,Jardinero
1,1,1,1,6,6,4.83333333333333,1.83333333333333,1,1,1,1,6,1,6,6,1,4,4,5,6,5,5,2,2,3,1,1,2,1,1,1,1,1,1,1,1,1,1,1,1,1,1,1,,,1,39,Madrid,Española,4,IngenierodeOrganización
1,1,1,1,5,5,3,3,1,1,1,2,5,3,5,4,2,3,3,3,3,3,3,3,3,3,3,3,3,1,1,1,1,1,1,1,1,1,1,1,1,1,1,1,1,1,1,24,Vizcaya,española,3,
1,1,1,1,5,4,3.5,3,1,1,1,2,4,3,5,4,3,4,3,4,4,3,3,3,3,3,3,3,3,1,1,1,1,1,1,1,1,1,1,1,1,1,1,1,1,1,1,24,Madrid,Español,3,Socorrista
2,1,1,1,4,3,3,2.83333333333333,1.2,1,1,3,4,4,4,3,3,3,3,3,3,3,3,4,4,2,1,4,2,1,1,2,1,1,1,1,1,1,1,,1,1,1,1,1,1,2,48,León,Española,1,Limpidora
2,1,1,1,3,3,3.16666666666667,1.33333333333333,1.4,1,1,1,6,1,6,6,1,3,3,3,4,3,3,2,1,2,1,1,1,1,1,1,1,3,1,1,1,1,1,1,1,1,1,1,1,1,2,45,Madrid,española,3,auxiliar
1,1,1,1,5,5,3.66666666666667,2,1.4,1,1,1,3,2,6,5,4,4,4,4,4,3,3,2,2,2,2,2,2,1,1,2,1,2,1,1,1,1,1,1,1,1,1,1,1,1,4,50,Valencia,Española,3,ObreroTéxtil
1,1,1,1,5,5,4.5,2,1.4,1,1,1,3,1,6,6,4,5,4,5,5,4,4,2,4,3,1,1,1,1,1,1,1,2,2,1,1,1,1,1,1,1,1,1,1,2,2,49,Cádiz,español,3,tecnicofarmaceutico
2,1,1,1,5,5,3.83333333333333,3,1.4,1,1,2,3,1,5,6,4,4,4,3,4,4,4,3,3,3,3,3,3,1,1,2,1,2,1,1,1,1,1,1,1,1,1,1,1,2,1,40,Alava,Española,1,
1,1,1,1,4,5,4,3,1.4,1,1,2,5,2,5,5,2,4,4,4,4,4,4,3,3,3,3,3,3,1,1,2,1,2,1,1,1,1,1,1,1,1,1,1,1,1,2,42,Barcelona,español,4,Informática
1,1,1,1,4,3,2.83333333333333,2,1.6,1,1,2,3,3,5,4,4,3,3,3,3,2,3,2,2,2,2,2,2,1,1,2,1,2,2,1,1,1,1,1,1,1,1,1,1,2,2,42,Barcelona,española,3,logistica
2,1,1,1,3,3,3,2.16666666666667,1.6,1,1,2,4,3,5,4,3,3,3,3,3,3,3,2,3,2,2,2,2,1,1,1,1,2,2,2,1,1,1,1,1,1,1,1,1,2,1,43,Cádiz,colombia,2,encargada
2,1,1,1,5,3,3.16666666666667,2.33333333333333,1.6,1,1,4,5,4,3,3,2,3,3,3,3,4,3,3,3,2,2,2,2,1,1,2,1,3,1,1,1,1,1,1,1,1,1,1,1,1,1,30,Valencia,española,5,Psicóloga
1,1,1,1,4,4,3.5,2.33333333333333,1.6,1,1,3,5,3,4,4,2,4,3,4,3,3,4,2,3,3,2,2,2,1,1,2,1,2,2,1,1,1,1,1,1,1,1,1,1,3,2,47,Valladolid,española,3,funcionario
2,1,1,1,4,5,2.33333333333333,2.5,1.6,1,1,2,2,4,5,3,5,2,3,3,2,2,2,2,3,2,2,3,3,1,1,1,2,2,1,2,1,1,1,1,1,1,1,1,1,2,2,39,Barcelona,Española,2,tecnicodelaboratorio
2,1,1,1,4,5,2.33333333333333,2.5,1.6,1,1,2,2,4,5,3,5,2,3,3,2,2,2,2,3,2,2,3,3,1,1,1,2,2,1,2,1,1,1,1,1,1,1,1,1,2,2,39,Porfavorseleccionaprovincia,,0,
2,1,1,1,6,6,4,2.83333333333333,1.6,1,1,1,6,1,6,6,1,3,5,4,4,4,4,2,3,3,3,3,3,1,1,2,1,2,2,1,1,1,1,1,1,1,1,1,1,1,4,49,Ceuta,Española,1,AuxiliardeLimpieza
2,1,1,1,6,5,3.83333333333333,1.83333333333333,1.8,1,1,2,3,3,5,4,4,4,4,4,4,3,4,2,2,2,1,2,2,1,1,2,2,2,2,1,1,1,1,1,1,1,1,1,1,1,2,47,León,Española,3,Funcionaria
2,1,1,1,6,4,2.83333333333333,2.16666666666667,1.8,1,1,2,3,3,5,4,4,3,4,1,3,3,3,3,3,2,1,2,2,1,1,2,1,2,2,2,1,1,1,1,1,1,1,1,1,2,1,37,Murcia,española,3,informatica
1,1,1,1,4,4,3.33333333333333,2.16666666666667,1.8,1,1,3,4,3,4,4,3,3,4,4,3,3,3,3,2,2,2,2,2,1,1,2,1,2,2,2,1,1,1,1,1,1,1,1,1,2,2,40,Madrid,española,2,administrativo
2,1,1,1,6,5,3.66666666666667,2.5,1.8,1,1,1,5,2,6,5,2,3,3,3,4,5,4,2,3,3,2,2,3,1,1,2,1,2,2,2,1,1,1,1,1,1,1,1,1,2,2,46,Valladolid,española,2,carnicera
2,1,1,1,5,5,4.16666666666667,2.66666666666667,1.8,1,1,2,5,2,5,5,2,4,5,4,4,4,4,2,4,3,2,2,3,1,1,2,1,3,2,1,1,1,1,1,1,1,1,1,1,2,1,27,Pontevedra,Española,2,operario
1,1,1,1,5,5,3.66666666666667,3.16666666666667,1.8,1,1,3,4,3,4,4,3,4,3,4,3,4,4,2,4,4,3,2,4,1,1,3,1,2,1,2,1,1,1,1,1,1,1,1,1,3,2,46,Valladolid,española,5,funcionariodefensa
2,1,1,1,6,5,4.16666666666667,2.16666666666667,2,1,1,2,6,3,5,4,1,4,5,4,4,4,4,3,2,2,2,2,2,1,1,3,1,3,2,1,1,1,1,1,1,1,1,1,1,1,2,41,LasPalmas,española,2,auxiliaradministrativo
1,1,1,1,5,4,3.66666666666667,2.33333333333333,2,1,1,2,4,2,5,5,3,4,4,3,4,3,4,1,3,3,2,2,3,1,1,2,2,3,2,1,1,1,1,1,1,1,1,1,1,2,2,41,ACoruña,Española,4,Maestro
2,1,1,1,3,4,3.33333333333333,2.5,2,1,1,3,5,4,4,3,2,3,3,3,4,4,3,3,3,3,2,2,2,1,1,3,1,2,2,2,1,1,1,1,1,,1,1,1,2,2,35,Toledo,ESPAÑOLA,2,ADMINISTRACION
2,1,1,1,5,5,3.33333333333333,2.83333333333333,2,1,1,1,4,1,6,6,3,3,3,3,3,4,4,3,3,3,2,3,3,1,1,1,1,3,3,2,1,1,1,1,1,1,1,1,1,2,2,36,Cádiz,española,3,administrativa
2,1,1,1,4,5,3,3,2,1,1,3,5,3,4,4,2,3,3,3,3,3,3,3,3,3,3,3,3,1,1,2,2,2,2,2,1,1,1,1,1,1,1,1,1,2,4,50,Alava,Española,1,
2,1,1,1,6,6,4.5,3,2,1,1,3,6,1,4,6,1,5,5,4,5,4,4,3,3,3,3,3,3,1,1,1,1,4,3,1,1,1,1,1,1,1,1,1,1,1,2,41,Vizcaya,española,5,pedagoga
2,1,1,1,6,6,4.6,3,2,1,1,3,6,1,4,6,1,5,5,4,5,4,,3,3,3,3,3,3,1,1,1,1,4,3,1,1,1,1,1,1,1,1,1,1,1,2,41,Vizcaya,ESPAÑOLA,5,PEDAGOGA
1,1,1,1,4,3,4,3.5,2,1,1,1,6,1,6,6,1,4,4,3,5,3,5,3,4,5,2,3,4,1,1,3,1,2,1,3,1,1,1,1,1,1,1,1,1,2,1,55,Madrid,españa,4,corrector
2,1,1,1,4,4,4,3.83333333333333,2,1,1,3,6,3,4,4,1,4,4,4,4,4,4,4,3,4,4,4,4,1,1,2,2,3,2,1,1,1,1,1,1,1,1,1,1,2,4,50,Madrid,española,4,Docente
2,1,1,1,5,4,4.16666666666667,2.16666666666667,2.2,1,1,2,4,2,5,5,3,4,4,4,5,4,4,2,2,3,2,2,2,1,1,3,1,3,3,1,1,1,1,1,1,1,1,1,1,2,2,46,Alicante,Española,1,azafatadecongresos
1,1,1,1,6,6,5,2.83333333333333,2.2,1,1,1,5,1,6,6,2,5,5,5,5,5,5,3,3,3,2,3,3,1,1,3,1,3,3,1,1,1,1,1,1,1,1,1,1,2,1,36,Madrid,Española,4,IngenieroIndustrial
1,1,1,1,6,5,4.33333333333333,3,2.2,1,1,2,4,3,5,4,3,5,4,5,5,3,4,3,3,3,3,3,3,1,1,2,2,3,2,2,1,1,1,1,1,1,1,1,1,2,2,53,Ceuta,Española,4,Psicólogo
1,1,1,1,5,5,4.66666666666667,3.16666666666667,2.2,1,1,1,4,2,6,5,3,5,3,5,5,5,5,3,4,3,3,3,3,1,1,3,1,3,3,1,1,1,1,1,1,1,1,1,1,1,1,23,ACoruña,Española,4,Profesordebaile
2,1,1,1,4,4,3.16666666666667,3.4,2.2,1,1,3,5,3,4,4,2,3,3,3,3,4,3,4,,4,3,3,3,1,1,3,3,3,1,1,1,1,1,1,1,1,1,1,,3,2,37,Valencia,española,4,trabajadorasocial
1,1,1,1,4,4,5.33333333333333,5.5,2.2,1,1,1,6,2,6,5,1,3,6,6,5,6,6,6,6,6,5,5,5,1,1,4,1,1,4,1,1,1,1,1,1,1,1,1,1,4,2,29,Ceuta,Colombiana,4,Militar
2,1,1,1,4,3,3.16666666666667,2,2.4,1,1,2,4,3,5,4,3,3,3,3,3,3,4,2,2,2,2,2,2,1,1,3,2,3,2,2,1,1,1,1,1,1,1,1,1,2,2,41,Madrid,,4,TECNICOLABORATORIO
1,1,1,1,5,4,3,2.5,2.4,1,1,2,4,2,5,5,3,3,3,3,3,3,3,3,3,3,2,2,2,1,1,3,1,3,3,2,1,1,1,1,1,1,1,1,1,3,1,41,Cádiz,español,1,albañil
2,1,1,1,6,5,4.33333333333333,3.33333333333333,2.4,1,1,2,4,2,5,5,3,5,4,4,5,4,4,3,4,4,3,3,3,1,1,3,1,3,3,2,1,1,1,1,1,1,1,1,1,3,2,48,Vizcaya,española,3,profesorademúsica
2,1,1,1,6,6,4.16666666666667,2.5,2.6,1,1,3,4,4,4,3,3,4,3,4,4,5,5,2,3,2,2,2,4,1,1,4,1,3,4,1,1,1,1,1,1,1,1,1,1,2,2,38,Madrid,España,1,
1,1,1,1,4,6,3.66666666666667,2.66666666666667,2.6,1,1,2,6,1,5,6,1,3,5,4,3,3,4,2,3,3,2,3,3,1,1,4,1,3,3,2,1,1,1,1,1,1,1,1,1,2,2,65,Valladolid,española,2,calderero-soldador
2,1,1,1,6,5,4.33333333333333,2.8,2.6,1,1,2,6,2,5,5,1,4,4,5,5,4,4,3,3,3,2,3,,1,1,3,2,3,3,2,1,1,1,1,1,1,1,1,1,3,2,44,Valladolid,,4,maestra
1,1,1,1,4,4,3.66666666666667,2.83333333333333,2.6,1,1,3,6,1,4,6,1,4,3,3,4,4,4,3,3,4,2,2,3,1,1,3,2,3,3,2,1,1,1,1,1,1,1,1,1,3,2,47,Valladolid,española,3,funcionario
1,1,1,1,6,5,4.5,3.16666666666667,2.6,1,1,1,3,2,6,5,4,5,4,5,4,4,5,3,3,4,3,3,3,1,1,3,2,3,3,2,1,1,1,1,1,1,1,1,1,2,1,34,Barcelona,española,4,informático
1,1,1,1,6,5,4.83333333333333,3.66666666666667,2.6,1,1,1,6,2,6,5,1,5,5,5,5,4,5,3,4,5,3,4,3,1,1,4,1,5,2,1,1,1,1,1,1,1,1,1,1,1,0,28,Barcelona,Española,4,Técnicodelaboratorio
2,1,1,1,5,5,3.66666666666667,3,2.8,1,1,2,3,3,5,4,4,3,3,4,4,4,4,3,3,3,3,3,3,1,1,3,3,3,3,2,1,1,1,1,1,1,1,1,1,2,2,37,Barcelona,Española,4,Docente
2,1,1,1,6,6,4.83333333333333,3,2.8,1,1,3,6,1,4,6,1,5,5,4,5,5,5,3,3,3,3,3,3,1,1,4,1,4,4,1,1,1,1,1,1,1,1,1,1,1,2,41,Vizcaya,ESPAÑOLA,5,PEDAGOGA
2,1,1,1,5,5,4.66666666666667,3.16666666666667,2.8,1,1,2,4,2,5,5,3,4,5,5,5,4,5,3,3,4,3,3,3,1,1,3,2,4,2,3,1,1,1,1,1,1,1,1,1,3,1,44,Alava,Española,2,Auxiliardeenfermería
1,1,1,1,6,6,5,3.33333333333333,2.8,1,1,1,6,2,6,5,1,6,5,5,6,3,5,3,4,4,3,3,3,1,1,4,3,3,2,2,1,1,1,1,1,1,1,1,1,1,1,26,Valladolid,española,4,diseñadordemoda
1,1,1,1,4,5,3.83333333333333,3,3,1,1,2,4,3,5,4,3,4,5,4,3,4,3,3,3,3,3,3,3,1,1,4,2,3,4,2,1,1,1,1,1,1,1,1,1,2,1,30,Madrid,Española,1,Aux.Administrativo
1,1,1,1,5,5,5,3.66666666666667,3,1,1,1,5,1,6,6,2,5,5,5,5,5,5,3,4,5,3,4,3,1,1,3,2,4,4,2,1,1,1,1,1,1,1,1,1,3,2,49,Ceuta,Española,3,FuncionarioINGESA
2,1,1,1,4,5,4.16666666666667,4.33333333333333,3,1,1,1,3,3,6,4,4,5,4,4,4,4,4,5,5,4,4,4,4,1,1,3,3,3,3,3,1,1,1,1,1,1,1,1,1,3,1,48,Madrid,ESPAÑOLA,4,ADMINISTRATIVO
1,1,1,1,5,4,4,2.66666666666667,3.2,1,1,2,3,3,5,4,4,5,3,4,4,3,5,3,3,4,2,2,2,1,1,3,3,4,4,2,1,1,1,1,1,1,1,1,1,3,4,50,Burgos,española,2,funcionario
2,1,1,1,6,5,4.66666666666667,3,3.2,1,1,1,4,2,6,5,3,5,5,4,5,5,4,4,4,4,2,2,2,1,1,4,4,4,3,1,1,1,1,1,1,1,1,1,1,2,1,32,Ceuta,Española,4,TrabajadoraSocial
2,1,1,1,5,4,3.66666666666667,3.16666666666667,3.2,1,1,2,4,4,5,3,3,4,3,3,5,4,3,3,3,4,3,3,3,1,1,4,1,5,4,2,1,1,1,1,1,1,1,1,1,3,2,40,Porfavorseleccionaprovincia,Española,4,tecnicodelaboratorio
2,1,1,1,3,4,4.33333333333333,3.16666666666667,3.2,1,1,2,4,2,5,5,3,4,4,5,4,4,5,3,3,4,3,3,3,1,1,3,3,4,3,3,1,1,1,1,1,1,1,1,1,3,2,27,León,Española,4,enfermera
2,1,1,1,5,5,4.16666666666667,4,3.4,1,1,2,2,2,5,5,5,4,5,4,4,4,4,4,4,4,4,4,4,1,1,3,4,4,4,2,1,1,1,1,1,1,1,1,1,3,2,42,ACoruña,Española,4,PERSONALTÉCNICOEMPRES-INF.
2,1,1,1,5,5,4,2.33333333333333,3.6,1,1,2,4,3,5,4,3,4,4,4,4,4,4,3,3,2,2,2,2,1,1,4,4,3,4,3,1,1,1,1,1,1,1,1,1,3,2,52,Málaga,SriLanka,3,hosteleria
2,1,1,1,6,4,4,2.5,3.6,1,1,3,4,3,4,4,3,4,4,4,4,4,4,3,3,3,2,2,2,1,1,4,4,3,4,3,1,1,1,1,1,1,1,1,1,4,2,50,Valencia,Española,4,educadora
2,1,1,1,6,6,4,3.33333333333333,3.6,1,1,2,6,1,5,6,1,4,4,4,4,4,4,3,4,4,3,3,3,1,1,4,4,4,3,3,1,1,1,1,1,1,1,1,1,3,2,43,Valladolid,española,3,guardiacivil
1,1,1,1,6,5,5.16666666666667,3.5,3.6,1,1,1,6,1,6,6,1,6,6,3,6,4,6,3,3,6,3,3,3,1,1,5,3,6,3,1,1,1,1,1,1,1,1,1,1,1,2,44,Vizcaya,española,5,ingenieroindustrial
1,1,1,1,6,5,5.16666666666667,3.5,3.6,1,1,1,6,1,6,6,1,6,6,3,6,4,6,3,3,6,3,3,3,1,1,5,3,6,3,1,1,1,1,1,1,1,1,,1,1,2,44,Vizcaya,ESPAÑOL,5,INGENIEROINDUSTRIAL
2,1,1,1,6,5,5.33333333333333,3.66666666666667,3.6,1,1,1,5,1,6,6,2,5,5,5,5,6,6,3,4,5,3,3,4,1,1,5,3,5,3,2,1,1,1,1,1,1,1,1,1,3,1,44,Valladolid,española,4,educadora
2,1,1,1,6,5,5,4.66666666666667,3.6,1,1,2,5,1,5,6,2,5,5,5,5,5,5,5,5,5,4,4,5,1,1,5,3,4,4,2,1,1,1,1,1,1,1,1,1,2,2,39,Murcia,ESPAÑOLA,5,DIRECTORADERRHH
2,1,1,1,5,5,4,2,3.8,1,1,2,5,3,5,4,2,5,4,5,3,3,4,2,2,2,2,2,2,1,1,5,3,5,5,1,1,1,1,1,1,1,1,1,1,1,1,34,Madrid,Española,4,Finanzas
1,1,1,1,5,5,4.83333333333333,3,3.8,1,1,1,3,2,6,5,4,4,5,5,5,5,5,3,3,3,3,3,3,1,1,4,4,4,4,3,1,1,1,1,1,1,1,1,1,4,2,51,Valencia,Española,3,Administración
1,1,1,1,5,5,5.33333333333333,3.5,3.8,1,1,1,5,1,6,6,2,5,5,6,5,6,5,3,5,4,3,3,3,1,1,5,3,4,4,3,1,1,1,1,1,1,1,1,1,3,2,64,Valladolid,española,1,Soldador
1,1,1,1,5,5,3.83333333333333,4.16666666666667,3.8,1,1,2,4,1,5,6,3,4,5,4,4,3,3,4,6,5,3,3,4,1,1,4,5,4,3,3,1,1,1,1,1,1,1,1,1,5,1,47,Barcelona,España,4,BIOQUIMICOCLINICO
2,1,1,1,5,5,5.16666666666667,4.16666666666667,3.8,1,1,1,6,1,6,6,1,5,6,4,5,5,6,4,5,4,3,4,5,1,1,4,4,5,3,3,1,1,1,1,1,1,1,1,1,4,1,26,Alava,Española,2,
2,1,1,1,5,5,3.66666666666667,3.16666666666667,4,1,1,2,2,2,5,5,5,3,4,3,4,4,4,4,3,3,3,3,3,1,1,5,3,4,4,4,1,1,1,1,1,1,1,1,1,,2,40,Barcelona,ESPAÑOLA,4,
2,1,1,1,5,5,4,4,4,1,1,2,5,2,5,5,2,4,4,4,4,4,4,4,4,4,4,4,4,1,1,4,4,5,3,4,1,1,1,1,1,1,1,1,1,4,2,47,Alava,,1,TELEFONISTA-RECEPCIONISTA
1,1,1,1,4,5,4.33333333333333,5,4,1,1,4,2,5,3,2,5,3,4,5,4,5,5,4,5,5,5,5,6,1,1,4,2,5,5,4,1,1,1,1,1,1,1,1,1,5,1,26,Pontevedra,española,2,operario
2,1,1,1,4,5,5.5,3,4.2,1,1,1,6,1,6,6,1,6,5,5,5,6,6,3,4,5,2,2,2,1,1,5,4,5,4,3,1,1,1,1,1,1,1,1,1,4,2,46,Vizcaya,española,4,profesoradedibujo
1,1,1,1,6,6,5.66666666666667,3.66666666666667,4.2,1,1,1,6,1,6,6,1,5,6,6,6,5,6,3,3,5,3,3,5,1,1,5,4,5,4,3,1,1,1,1,1,1,1,1,1,4,2,40,Madrid,España,3,AuxiliarAdministrativo
2,1,1,1,4,4,4,3.83333333333333,4.2,1,1,1,6,2,6,5,1,4,4,4,4,4,4,4,4,4,3,4,4,1,1,5,5,5,3,3,1,1,1,1,1,1,1,1,1,3,2,43,Porfavorseleccionaprovincia,española,3,guardiacivil
2,1,1,1,6,4,4.33333333333333,4.16666666666667,4.2,1,1,2,4,2,5,5,3,5,5,3,5,3,5,4,4,5,4,4,4,1,1,5,5,5,3,3,1,1,1,1,1,1,1,1,1,5,2,32,Barcelona,ESPAÑOLA,4,GESTIÓNRRHH
2,1,1,1,4,4,4.66666666666667,3.5,5,1,1,2,4,2,5,5,3,5,5,4,5,4,5,3,4,5,3,3,3,1,1,5,5,5,5,5,1,1,1,1,1,1,1,1,1,4,2,42,Barcelona,ESPAÑOLA,4,RR.HH
2,1,1,1,3,4,3.66666666666667,2.75,1.4,1.5,1,1,6,2,6,5,1,4,4,3,4,3,4,,,4,2,2,3,1,2,2,1,2,1,1,1,1,1,1,1,1,1,1,1,1,1,26,Otraprovincia,Española,5,Traductora
2,1,1,1,5,4,4.83333333333333,2.5,2.2,1.5,1,3,3,3,4,4,4,4,5,5,5,5,5,3,3,3,2,2,2,1,2,3,2,3,2,1,1,1,1,1,1,1,1,1,1,1,2,41,Madrid,Española,2,Secretaria
2,1,1,1,5,4,6,2.83333333333333,2.4,1.5,1,1,4,1,6,6,3,6,6,6,6,6,6,2,4,4,2,2,3,2,1,3,2,3,3,1,1,1,1,1,1,1,1,1,1,1,1,23,Ceuta,Española,4,TrabajadoraSocial
1,1,1,1,5,5,4.16666666666667,2.33333333333333,2.6,1.5,1,1,4,2,6,5,3,3,4,4,5,5,4,2,2,2,2,3,3,1,2,3,2,3,3,2,1,1,1,1,1,1,1,1,1,2,1,29,LasPalmas,española,2,técnicodemantenimientoaeronaútico
2,1,1,1,6,6,3,3,2.6,1.5,1,1,4,2,6,5,3,3,3,3,3,3,3,3,3,3,3,3,3,1,2,3,3,3,2,2,1,1,1,1,1,1,1,1,1,3,2,41,Madrid,española,4,GESTORACULTURAL
1,1,1,1,4,5,3.83333333333333,3,2.8,1.5,1,2,4,3,5,4,3,4,4,4,4,3,4,3,3,3,3,3,3,2,1,3,3,3,3,2,1,1,1,1,1,1,1,1,1,3,2,42,Alava,Española,1,CONDUCTOR
1,1,1,1,5,5,5.33333333333333,2.83333333333333,3,1.5,1,1,4,2,6,5,3,5,5,6,6,5,5,3,4,3,3,3,1,1,2,3,1,4,4,3,1,1,1,1,1,1,1,1,1,3,1,31,Porfavorseleccionaprovincia,española,3,sanitario
2,1,1,1,4,5,3.5,3,3,1.5,1,2,4,2,5,5,3,3,4,4,4,3,3,3,4,3,2,2,4,1,2,4,3,3,3,2,1,1,1,1,1,1,1,1,1,2,2,29,Sevilla,Española,1,Peluquera
2,1,1,1,5,5,4.33333333333333,4.16666666666667,3,1.5,1,2,4,2,5,5,3,4,4,4,4,5,5,4,4,5,4,4,4,1,2,5,2,3,3,2,1,1,1,1,1,1,1,1,1,3,2,39,Pontevedra,Española,2,Esteticista
2,1,1,1,4,4,3.5,2.33333333333333,3.2,1.5,1,2,4,2,5,5,3,4,4,3,4,3,3,3,3,2,2,2,2,1,2,3,3,3,4,3,1,1,1,1,1,1,1,1,1,3,0,35,Madrid,ESPAÑOLA,3,ADMINISTRATIVA
1,1,1,1,6,6,5,2.83333333333333,3.2,1.5,1,1,6,1,6,6,1,5,5,5,5,5,5,5,2,4,2,2,2,1,2,5,3,3,3,2,1,1,1,1,1,1,1,1,1,2,2,45,Vizcaya,Española,4,Informático
1,1,1,1,5,5,4.16666666666667,1.5,3.25,1.5,1,2,5,2,5,5,2,4,5,5,3,4,4,2,2,2,1,1,1,1,2,4,4,,3,2,1,1,1,1,1,1,1,1,1,2,2,34,Barcelona,ESPAÑOLA,2,ADMINISTRATIVO
1,1,1,1,6,6,6,4.33333333333333,3.4,1.5,1,2,5,1,5,6,2,6,6,6,6,6,6,4,5,5,3,4,5,1,2,3,3,4,4,3,1,1,1,1,1,1,1,1,1,3,2,34,Madrid,Española,1,Funcionario
2,1,1,1,5,5,4.16666666666667,2.83333333333333,3.8,1.5,1,1,4,2,6,5,3,4,5,5,5,3,3,3,3,3,2,2,4,2,1,4,5,4,4,2,1,1,1,1,1,1,1,1,1,2,4,47,Murcia,ESPAÑOLA,3,ADMINISTRATIVA
1,1,1,1,4,4,3.83333333333333,3.5,4.6,1.5,1,2,5,4,5,3,2,4,5,2,5,3,4,3,5,4,3,3,3,1,2,5,2,6,6,4,1,1,1,1,1,1,1,1,1,5,1,19,Alicante,española,3,
2,1,1,1,6,6,5,4.33333333333333,4.6,1.5,1,1,4,1,6,6,3,5,5,5,5,5,5,5,5,5,3,4,4,2,1,5,5,4,5,4,1,1,1,1,1,1,1,1,1,5,4,44,Málaga,Alemana,1,masajista
2,1,1,1,4,4,3.83333333333333,2.16666666666667,2.6,2,1,3,4,3,4,4,3,5,5,3,3,3,4,3,2,2,2,2,2,2,2,3,3,3,2,2,1,1,1,1,1,1,1,1,1,2,1,35,Porfavorseleccionaprovincia,ESPAÑOLA,4,CONTABLE
1,1,1,1,5,5,4.33333333333333,3,2.6,2,1,1,6,2,6,5,1,5,3,6,5,3,4,3,2,4,2,4,3,2,2,3,2,4,3,1,1,1,1,1,1,1,1,1,1,2,2,42,Madrid,Española,4,Funcionario
1,1,1,1,5,4,3.33333333333333,3.5,2.6,2,1,2,5,2,5,5,2,3,4,3,4,3,3,4,3,3,4,4,3,2,2,3,3,3,2,2,1,1,1,1,1,1,1,1,2,2,0,55,Vizcaya,española,5,econimista
1,1,1,1,6,6,6,2.5,2.8,2,1,1,2,3,6,4,5,6,6,6,6,6,6,2,3,3,2,2,3,2,2,4,4,4,1,1,1,1,1,1,1,1,1,1,1,2,2,52,León,Española,4,Aparejador
1,1,1,1,5,5,4.16666666666667,2.66666666666667,3.2,2,1,2,5,2,5,5,2,5,5,3,4,4,4,3,3,3,2,3,2,2,2,4,3,3,3,3,1,1,1,1,1,1,1,1,1,2,1,27,Madrid,ESPAÑ,0,
2,1,1,1,5,5,3.5,3,3.2,2,1,2,5,2,5,5,2,4,4,3,3,3,4,3,3,3,3,3,3,2,2,3,3,3,4,3,1,1,1,1,1,1,1,1,1,3,2,37,Madrid,ESPAÑOLA,4,MEDICO
1,1,1,1,6,6,6,4.5,5.6,2,1,1,6,1,6,6,1,6,6,6,6,6,6,4,5,6,4,4,4,2,2,6,5,6,6,5,1,1,1,1,1,1,1,1,1,6,0,33,Valencia,Española,3,EmpresarioTéxtil
1,1,1,1,5,5,5,2.33333333333333,3.4,2.5,1,1,5,1,6,6,2,5,5,5,6,4,5,2,2,2,2,2,4,3,2,4,2,5,4,2,1,1,1,1,1,1,1,1,1,2,4,46,Ceuta,Española,4,dependienteferretería
1,1,1,1,5,4,4.5,3.83333333333333,4.4,2.5,1,3,6,1,4,6,1,5,4,4,5,4,5,3,6,4,3,3,4,3,2,5,4,4,6,3,1,1,1,1,1,1,1,1,1,5,1,28,Alava,Española,1,
1,1,1,1,6,6,5.83333333333333,3.66666666666667,4.8,2.5,1,1,5,2,6,5,2,6,6,5,6,6,6,3,5,6,2,2,4,2,3,6,6,6,5,1,1,1,1,1,1,1,1,1,1,6,2,44,Alicante,española,3,protesicodental
2,1,1,1,6,6,6,4.33333333333333,4.2,3,1,1,6,1,6,6,1,6,6,6,6,6,,4,4,6,4,4,4,3,3,5,1,6,6,3,1,1,1,1,1,1,1,1,1,4,2,31,LasPalmas,española,2,auxiliarfarmacia
2,1,1,1,5,6,4.5,3.83333333333333,5,3,1,2,6,2,5,5,1,3,4,4,5,5,6,3,5,6,4,2,3,3,3,5,5,5,6,4,1,1,1,1,1,1,1,1,1,4,4,36,Ceuta,Española,3,Administrativa
2,1,1,1,6,3,4.66666666666667,3.16666666666667,3.6,1,1.14285714285714,1,6,2,6,5,1,5,5,5,6,3,4,4,3,4,2,3,3,1,1,3,3,4,4,4,1,1,1,1,1,1,2,1,1,3,2,48,Valladolid,española,4,secretariadireccion
1,1,1,1,4,4,4.66666666666667,3.83333333333333,4,1,1.14285714285714,3,6,2,4,5,1,4,4,5,5,5,5,4,4,5,3,3,4,1,1,5,2,5,5,3,1,1,1,1,1,1,2,2,2,2,2,39,Barcelona,Española,1,Celador
2,1,1,1,3,2,3.5,2.16666666666667,2.4,1.5,1.14285714285714,1,6,1,6,6,1,3,4,4,4,3,3,2,3,3,2,2,1,1,2,2,3,4,2,1,1,1,1,2,1,1,1,1,1,2,2,58,Barcelona,epañola,2,Auxiliardeenfermeria
2,1,1,1,5,5,4.83333333333333,3,2,2,1.14285714285714,1,5,1,6,6,2,5,4,5,5,5,5,3,3,3,3,3,3,2,2,3,1,3,2,1,1,1,1,1,1,1,2,1,1,3,4,38,Cádiz,española,2,cuidadora
1,1,1,1,6,6,6,2.66666666666667,3,2,1.14285714285714,1,5,1,6,6,2,6,6,6,6,6,6,1,3,5,1,1,5,2,2,3,3,3,4,2,2,1,1,1,1,1,1,1,1,1,2,40,Madrid,España,4,AgentedeTurismo
2,1,1,1,5,5,3.33333333333333,2.33333333333333,3.2,2,1.14285714285714,2,5,3,5,4,2,4,3,4,3,3,3,2,3,3,2,2,2,2,2,4,2,4,4,2,1,1,1,1,1,1,2,1,1,2,2,35,Barcelona,Española,4,
2,1,1,1,4,4,4.16666666666667,3.16666666666667,3.4,2.5,1.14285714285714,2,4,2,5,5,3,4,5,4,5,3,4,3,4,3,3,3,3,2,3,4,3,4,4,2,1,1,1,1,1,1,2,1,1,2,2,41,Barcelona,española,4,optometrista
1,1,1,1,5,5,4,4,3.5,3,1.16666666666667,2,5,2,5,5,2,4,4,4,4,4,4,4,4,4,4,4,4,3,3,4,2,4,4,,1,,1,1,1,1,2,1,1,4,2,38,LasPalmas,española,5,administracion
2,1,1,1,3,3,5,1.66666666666667,2,1,1.28571428571429,2,5,2,5,5,2,5,6,4,5,5,5,1,2,2,2,2,1,1,1,1,2,3,3,1,1,1,1,2,2,1,1,1,1,1,2,41,Ceuta,ESPAÑOLA,4,AUXILIARADMINISTRATIVO
1,1,1,1,6,1,2,2.6,2.4,1,1.28571428571429,4,2,3,3,4,5,2,2,2,2,2,2,3,3,2,2,3,,1,1,2,2,4,2,2,2,1,1,2,1,1,1,1,1,2,1,30,LasPalmas,española,2,mecánico
2,1,1,1,5,5,4.66666666666667,3.16666666666667,3.6,1,1.28571428571429,2,5,2,5,5,2,5,5,5,5,3,5,3,3,4,3,3,3,1,1,4,3,4,4,3,1,1,1,3,1,1,1,1,1,3,1,36,Porfavorseleccionaprovincia,Española,4,TecnicodeLaboratorio
2,1,1,1,5,5,4.66666666666667,3.16666666666667,3.6,1,1.28571428571429,2,5,2,5,5,2,5,5,5,5,3,5,3,3,4,3,3,3,1,1,4,3,4,4,3,1,1,1,3,1,1,1,1,1,3,1,36,Porfavorseleccionaprovincia,Española,4,TecnicodeLaboratorio
2,1,1,1,4,4,5,3.33333333333333,3.6,1,1.28571428571429,1,6,2,6,5,1,5,5,5,5,4,6,3,4,4,3,3,3,1,1,4,5,3,3,3,2,2,1,1,1,1,1,1,1,4,2,63,Valencia,española,1,cocinera
2,1,1,1,5,5,6,3,1.6,1.5,1.28571428571429,2,4,2,5,5,3,6,6,6,6,6,6,3,3,3,3,3,3,2,1,2,1,2,2,1,1,1,1,2,1,1,2,1,1,2,2,50,Cádiz,colombiana,1,encargada
2,1,1,1,6,4,4.33333333333333,2.16666666666667,2,2,1.28571428571429,2,4,1,5,6,3,3,3,5,5,5,5,2,3,2,1,2,3,2,2,3,1,3,2,1,1,1,1,1,1,1,3,1,1,2,4,41,Madrid,España,4,Comercial
1,1,1,1,6,6,4.83333333333333,3.16666666666667,2.8,2,1.28571428571429,1,4,1,6,6,3,5,5,4,5,5,5,3,3,4,3,3,3,2,2,3,1,5,3,2,1,1,1,2,1,1,2,2,2,3,2,50,Cádiz,español,1,vendedor
1,1,1,1,5,4,4,2.83333333333333,3.2,2,1.28571428571429,2,5,2,5,5,2,4,5,4,5,3,3,3,3,3,3,2,3,3,1,4,3,3,3,3,3,1,1,1,1,1,1,1,1,3,2,40,Pontevedra,española,3,Auxadministrativo
1,1,1,1,6,6,5,2.83333333333333,1.8,3,1.28571428571429,1,5,1,6,6,2,5,5,5,5,5,5,4,3,3,2,2,3,3,3,3,1,2,2,1,1,1,1,2,1,1,2,1,1,2,2,49,Cádiz,español,4,medico
2,1,1,1,5,6,4.66666666666667,4.33333333333333,4.2,3,1.28571428571429,1,5,2,6,5,2,5,5,4,5,4,5,3,4,5,4,5,5,1,5,5,4,4,5,3,1,1,1,3,1,1,1,1,1,3,1,34,Valencia,española,1,dependienta
1,1,1,1,5,6,4.66666666666667,3.16666666666667,1.8,1,1.42857142857143,2,4,2,5,5,3,4,4,5,5,5,5,2,5,5,2,2,3,1,1,2,1,4,1,1,1,1,1,1,4,1,1,1,1,1,4,51,Alava,Española,1,
2,1,1,1,5,4,3.16666666666667,1.8,3.4,1,1.42857142857143,3,3,3,4,4,4,4,3,3,3,3,3,1,,2,1,1,4,1,1,3,4,4,4,2,1,1,1,1,1,1,4,1,1,1,0,41,Murcia,Española,4,Administrador
1,1,1,1,5,4,4.33333333333333,2.33333333333333,2.6,1.5,1.42857142857143,2,5,3,5,4,2,4,4,5,5,4,4,3,2,3,2,2,2,1,2,3,3,3,2,2,2,1,1,2,2,1,1,1,1,2,1,36,Madrid,Española,3,Analistainformatico
1,1,1,1,5,3,3.16666666666667,2.5,2.2,2,1.42857142857143,1,4,3,6,4,3,3,4,3,3,3,3,2,3,3,3,2,2,2,2,2,1,3,3,2,1,1,1,2,2,1,2,1,1,2,1,46,Cádiz,ESPAÑOL,1,VENDEDOR
1,1,1,1,4,4,4,3.33333333333333,3.75,2,1.42857142857143,3,5,4,4,3,2,4,4,4,4,4,4,4,4,3,3,3,3,2,2,4,4,,4,3,1,1,1,2,2,1,2,1,1,3,3,58,Madrid,Española,3,empleadodebanca
1,1,1,1,5,4,3.83333333333333,1,1.6,3,1.42857142857143,3,4,4,4,3,3,4,4,4,3,4,4,1,1,1,1,1,1,3,3,2,2,2,1,1,3,2,1,1,1,1,1,1,1,1,1,26,León,Española,2,Informático
1,1,1,1,6,6,5.66666666666667,2.83333333333333,5,4,1.5,1,4,1,6,6,3,6,5,5,6,6,6,2,4,4,2,2,3,4,4,6,5,6,4,4,1,1,1,2,3,,1,3,1,6,2,51,Madrid,ESPAÑOLA,4,PSICOLOGO
1,1,1,1,3,3,4.83333333333333,1.83333333333333,3,1,1.71428571428571,2,2,2,5,5,5,5,5,5,4,5,5,2,2,2,2,2,1,1,1,4,1,5,4,1,1,2,2,2,1,2,2,2,5,2,0,41,Murcia,ESPAÑOLA,3,EMPLEADOBANCA
1,1,1,1,6,6,3,1.83333333333333,2.2,4,1.71428571428571,2,3,4,5,3,4,3,4,3,3,2,3,2,3,3,1,1,1,4,4,3,3,2,2,1,2,2,1,2,2,1,2,1,1,2,2,52,Valencia,española,1,apoyoadministrativo
1,1,1,1,4,5,3.33333333333333,3.66666666666667,3.6,1.5,2,4,3,4,3,3,4,4,3,2,3,4,4,3,3,5,4,4,3,1,2,4,4,4,3,3,2,2,3,2,2,1,2,2,1,4,1,24,León,ESPAÑOLA,4,FISIOTERAPEUTA
1,1,1,1,5,4,4.5,4.33333333333333,4.2,3,2.14285714285714,2,5,2,5,5,2,4,5,4,5,4,5,4,4,4,5,5,4,3,3,5,4,4,5,3,2,2,2,2,3,2,2,2,3,3,4,45,Alava,española,4,profesor
1,1,1,1,5,4,4.83333333333333,2.4,1.4,1,2.5,2,5,2,5,5,2,5,4,6,5,4,5,3,,1,2,5,1,1,1,1,1,2,2,1,6,,1,3,3,1,1,,4,1,4,59,Madrid,española,3,TecnicoBraille
1,1,1,1,5,5,3.66666666666667,3.83333333333333,2.4,3.5,2.85714285714286,4,3,3,3,4,4,4,4,3,4,3,4,5,4,3,4,3,4,3,4,3,2,3,1,3,2,1,4,3,5,1,4,2,1,2,2,47,Alava,Española,0,
1,1,1,1,4,3,4.16666666666667,1.33333333333333,1,1,3.57142857142857,2,4,3,5,4,3,5,5,5,1,5,4,1,1,1,2,2,1,1,1,1,1,1,1,1,4,4,1,4,5,2,5,5,5,1,2,29,Alicante,Española,4,AdministracióndeJustica
2,1,1,1,4,4,3,2.5,3.4,3.5,3.57142857142857,4,3,3,3,4,4,3,3,4,3,2,3,2,3,2,3,2,3,3,4,3,4,3,4,3,4,3,4,3,4,3,4,5,3,4,1,29,LasPalmas,ESPAÑOLA,4,GEOGRAFA
1,2,2,1,2,1,2.66666666666667,1,1,1,1,6,1,6,1,1,6,1,6,1,1,6,1,1,1,1,1,1,1,1,1,1,1,1,1,1,1,1,1,1,1,1,1,1,1,1,2,39,Málaga,Española,2,Pensionista
1,2,2,1,6,5,5.16666666666667,2.16666666666667,1,1,1,2,5,3,5,4,2,6,5,5,5,6,4,3,2,2,2,2,2,1,1,1,1,1,1,1,1,1,1,1,1,1,1,1,1,1,1,30,Madrid,Española,4,Operadorderedesytelefonía
2,2,2,1,5,5,4,4,1,1,1,2,6,2,5,5,1,4,4,4,4,4,4,4,4,4,4,4,4,1,1,1,1,1,1,1,1,1,1,1,1,1,1,1,1,1,2,35,Alicante,española,2,comercial
1,2,2,1,5,5,4.83333333333333,4.33333333333333,1.4,1,1,1,5,1,6,6,2,5,5,5,5,4,5,4,5,5,4,4,4,1,1,2,1,2,1,1,1,1,1,1,1,1,1,1,1,3,2,32,Asturias,española,4,musico
2,2,2,1,2,2,3,2.5,1.6,1,1,5,5,5,2,2,2,3,3,3,3,3,3,3,3,3,2,2,2,1,1,2,1,2,2,1,1,1,1,1,1,1,1,1,1,1,2,54,Madrid,ESPAÑOLA,2,CONSERJE
2,2,2,1,4,4,4.83333333333333,3,1.6,1,1,1,6,3,6,4,1,4,6,4,4,5,6,3,3,3,3,3,3,1,1,2,1,3,1,1,1,1,1,1,1,1,1,1,1,2,1,43,Madrid,Española,4,Ingeniera
2,2,2,1,6,5,5,3,1.6,1,1,1,5,2,6,5,2,5,5,5,5,5,5,,3,3,,,,1,1,2,1,3,1,1,1,1,1,1,1,1,1,1,1,1,1,53,Madrid,española,4,Funcionaria
1,2,2,1,3,3,4,3.33333333333333,1.6,1,1,2,5,3,5,4,2,4,4,4,4,4,4,4,4,4,2,2,4,1,1,2,2,2,1,1,1,1,1,1,1,1,1,1,1,1,1,40,Alicante,ESPAÑOLA,3,
2,2,2,1,5,5,6,3.33333333333333,1.6,1,1,2,6,4,5,3,1,6,6,6,6,6,6,6,6,2,2,2,2,1,1,2,1,2,2,1,1,1,1,1,1,1,1,1,1,2,2,66,Porfavorseleccionaprovincia,española,1,administrativa
1,2,2,1,4,4,4.16666666666667,2,1.8,1,1,1,5,2,6,5,2,5,4,5,5,3,3,2,2,2,2,2,2,1,1,2,1,3,2,1,1,1,1,1,1,1,1,1,1,2,1,37,Avila,España,4,Maestro
1,2,2,1,3,5,4,2.16666666666667,2,1,1,2,5,3,5,4,2,4,4,4,4,4,4,3,2,2,2,2,2,1,1,2,1,4,2,1,1,1,1,1,1,1,1,1,1,1,2,38,Baleares,ESPAÑOLA,2,ELECTRICISTA
1,2,2,1,5,4,4,2.5,2,1,1,3,4,2,4,5,3,4,3,4,5,3,5,2,3,3,2,2,3,1,1,3,1,3,2,1,1,1,1,1,1,1,1,1,1,1,4,59,Asturias,española,3,guardiacivil
2,2,2,1,5,5,3.33333333333333,3.66666666666667,2,1,1,2,5,3,5,4,2,3,4,3,4,3,3,4,4,4,3,4,3,1,1,2,1,3,2,2,1,1,1,1,1,1,1,1,1,2,1,28,Albacete,Espana,4,ServicioalCliente
2,2,2,1,1,2,2.16666666666667,1.66666666666667,2.2,1,1,4,4,5,3,2,3,2,2,2,2,2,3,1,4,2,1,1,1,1,1,2,1,5,2,1,1,1,1,1,1,1,1,1,1,1,4,35,Madrid,ESPAÑOLA,5,ABOGADO
2,2,2,1,4,5,3.66666666666667,2,2.2,1,1,3,6,2,4,5,1,3,4,4,4,4,3,2,2,2,2,2,2,1,1,3,2,2,2,2,1,1,1,1,1,1,1,1,1,1,2,42,Sevilla,española,3,higienistadental
2,2,2,1,6,4,4.5,2.66666666666667,2.2,1,1,1,4,2,6,5,3,5,4,5,5,4,4,3,3,3,2,2,3,1,1,3,2,3,2,1,1,1,1,1,1,1,1,1,1,3,2,35,Avila,española,4,profesorademusica
2,2,2,1,5,5,3.83333333333333,2,2.4,1,1,1,5,2,6,5,2,4,5,3,5,3,3,2,2,2,2,2,2,1,1,5,2,2,2,1,1,1,1,1,1,1,1,1,1,1,1,36,Avila,Española,4,maestra
1,2,2,1,5,5,4.16666666666667,2.83333333333333,2.4,1,1,2,5,2,5,5,2,5,5,3,5,3,4,3,3,3,2,3,3,1,1,3,2,3,2,2,1,1,1,1,1,1,1,1,1,3,4,50,Guadalajara,Española,5,Docente
1,2,2,1,5,4,5,3,2.4,1,1,1,5,2,6,5,2,5,5,5,5,5,5,3,3,3,3,3,3,1,1,4,1,3,2,2,1,1,1,1,1,1,1,1,1,2,2,46,Alicante,ESPAÑOLA,4,EMPRESARIO
1,2,2,1,4,4,4.66666666666667,1,2.6,1,1,3,4,4,4,3,3,4,4,5,5,5,5,1,1,1,1,1,1,1,1,2,3,3,3,2,1,1,1,1,1,1,1,1,1,2,2,32,Málaga,española,3,
2,2,2,1,4,3,4.66666666666667,2,2.6,1,1,2,6,2,5,5,1,4,6,6,4,4,4,2,2,2,2,2,2,1,1,3,2,3,3,2,1,1,1,1,1,1,1,1,1,3,2,42,Sevilla,Española,3,Higienistadental.
1,2,2,1,5,4,4,2.66666666666667,2.6,1,1,2,4,3,5,4,3,4,4,3,5,3,5,3,2,3,2,3,3,1,1,3,1,3,3,3,1,1,1,1,1,1,1,1,1,3,4,50,Porfavorseleccionaprovincia,española,5,docente
1,2,2,1,5,5,4.83333333333333,2.83333333333333,2.6,1,1,4,5,1,3,6,2,4,5,5,5,5,5,2,3,4,2,2,4,1,1,2,3,4,3,1,1,1,1,1,1,1,1,1,1,1,0,43,Alicante,ESPAÑOLA,3,
1,2,2,1,6,6,4,3,2.6,1,1,1,6,1,6,6,1,4,4,4,4,4,4,3,3,3,3,3,3,1,1,3,1,3,3,3,1,1,1,1,1,1,1,1,1,3,2,45,Toledo,española,2,tecnico
1,2,2,1,4,6,4.5,3.16666666666667,2.6,1,1,2,4,4,5,3,3,4,3,5,5,5,5,3,3,4,3,3,3,1,1,2,4,4,2,1,1,1,1,1,1,1,1,1,1,4,2,55,LasPalmas,Española,2,pinche
1,2,2,1,6,5,3.33333333333333,3.33333333333333,2.6,1,1,3,3,2,4,5,4,3,4,3,3,4,3,4,3,3,4,3,3,1,1,2,2,3,3,3,1,1,1,1,1,1,1,1,1,2,1,36,Baleares,ESPAÑOLA,1,ESPRESARIO
2,2,2,1,6,5,4,4,2.6,1,1,3,5,3,4,4,2,4,4,4,4,4,4,4,4,4,4,4,4,1,1,4,1,4,3,1,1,1,1,1,1,1,1,,1,2,1,25,LasPalmas,Española,2,cuidadora
2,2,2,1,6,6,4.16666666666667,4,2.6,1,1,2,5,3,5,4,2,4,4,4,4,4,5,4,4,4,4,4,4,1,1,5,1,5,1,1,1,1,1,1,1,1,1,1,1,2,2,36,Barcelona,HOLANDESA,4,TECNICO
1,2,2,1,5,5,5,4,2.6,1,1,2,5,2,5,5,2,5,5,5,5,5,5,3,5,5,3,3,5,1,1,3,1,4,4,1,1,1,1,1,1,1,1,1,1,4,1,30,Navarra,Espana,4,ServicioalCliente
1,2,2,1,6,5,4,3.33333333333333,2.75,1,1,2,4,2,5,5,3,4,4,4,4,4,4,3,4,4,3,3,3,1,1,3,4,,3,1,1,1,1,1,1,1,1,1,1,3,2,47,Madrid,ESPAÑOLA,4,FUNCIONARIO
2,2,2,1,3,3,4.66666666666667,2.5,2.8,1,1,4,5,3,3,4,2,5,5,5,5,4,4,3,3,3,2,2,2,1,1,3,3,3,3,2,,1,1,1,1,1,1,1,,2,1,27,Toledo,ESPAÑOLA,2,ADMINISTRACION
1,2,2,1,4,5,3.66666666666667,3,2.8,1,1,3,4,2,4,5,3,3,4,4,4,3,4,2,5,3,2,2,4,1,1,4,1,4,4,1,1,1,1,1,1,1,1,1,1,2,1,27,Alicante,Española,4,Profesorconservatorio
1,2,2,1,6,6,5.16666666666667,2.83333333333333,3,1,1,2,5,1,5,6,2,6,5,4,6,5,5,3,4,2,3,3,2,1,1,4,1,6,3,1,1,1,1,1,1,1,1,1,1,3,1,23,Murcia,Española,4,Profesordecomposición
1,2,2,1,5,3,3,3,3,1,1,4,4,4,3,3,3,3,3,3,3,3,3,3,3,3,3,3,3,1,1,3,3,3,3,3,1,1,1,1,1,1,1,1,1,1,2,36,Baleares,ESPSÑOLA,1,ALBAÑIL
2,2,2,1,4,4,4.33333333333333,3,3.4,1,1,2,5,3,5,4,2,4,5,5,4,4,4,3,3,3,3,3,3,1,1,4,4,4,4,1,1,1,1,1,1,1,1,1,1,2,1,32,Toledo,ESPAÑOLA,4,ADMINISTRACION
2,2,2,1,6,5,4.33333333333333,3,3.4,1,1,2,5,2,5,5,2,4,5,4,5,4,4,3,3,3,3,3,,1,1,4,3,4,4,2,1,1,1,1,1,1,1,1,1,4,1,39,Segovia,española,4,maestro
2,2,2,1,5,5,4,3.66666666666667,3.4,1,1,2,4,1,5,6,3,4,4,4,4,4,4,3,3,4,4,4,4,1,1,4,3,4,3,3,1,1,1,1,1,1,1,1,1,4,2,62,Asturias,española,4,administrativa
1,2,2,1,5,5,5.16666666666667,4,3.4,1,1,1,5,1,6,6,2,5,5,5,5,5,6,4,4,4,4,4,4,1,1,4,2,5,5,1,1,1,1,1,1,1,1,1,1,2,2,35,Toledo,ESPAÑOL,2,OFICIALDE1ª
2,2,2,1,4,6,3.83333333333333,3,3.6,1,1,1,5,2,6,5,2,3,4,3,5,4,4,3,3,4,3,3,2,1,1,4,4,5,2,3,1,1,1,1,1,1,1,1,1,3,1,39,Porfavorseleccionaprovincia,ESPAÑOLA,2,ADMINISTRATIVA
1,2,2,1,6,4,4.33333333333333,3,3.6,1,1,1,5,1,6,6,2,5,2,5,6,4,4,2,6,4,2,2,2,1,1,5,1,5,6,1,1,1,1,1,1,1,1,1,1,5,1,30,Madrid,ESPAÑOLA,3,INFORMATICO
2,2,2,1,5,5,5,3.66666666666667,3.6,1,1,1,4,2,6,5,3,5,6,3,6,5,5,6,3,3,5,3,2,1,1,5,2,5,5,1,1,1,1,1,1,1,1,1,1,5,1,25,Cuenca,ESPAÑOLA,4,Peón.camarera.ayudantededireccióndee
2,2,2,1,6,6,4.83333333333333,3.83333333333333,3.6,1,1,1,6,1,6,6,1,6,5,4,5,4,5,4,5,4,4,3,3,1,1,4,4,4,5,1,1,1,1,1,1,1,1,1,1,2,1,25,LasPalmas,Española,2,dependienta
2,2,2,1,5,5,5.33333333333333,4.5,3.6,1,1,3,5,2,4,5,2,5,6,5,5,5,6,4,5,4,4,5,5,1,1,4,3,4,4,3,1,1,1,1,1,1,1,1,1,4,1,30,Alicante,ESPAÑOLA,3,FARMACEUTICA
2,2,2,1,5,6,5.5,3.5,3.8,1,1,1,5,1,6,6,2,5,6,5,5,6,6,3,5,6,2,2,3,1,1,3,4,5,5,2,1,1,1,1,1,1,1,1,1,3,1,32,Baleares,ESPAÑOLA,4,PROFESORA
1,2,2,1,6,6,5,5,4,1,1,1,5,2,6,5,2,5,5,5,5,5,5,5,5,5,5,5,5,1,1,4,5,4,4,3,1,1,1,1,1,1,1,1,1,4,2,46,LasPalmas,Española,3,comercial
1,2,2,1,5,5,5,3,4.2,1,1,2,4,2,5,5,3,5,5,5,5,5,5,3,3,3,3,3,3,1,1,5,3,5,5,3,1,1,1,1,1,1,1,1,1,3,1,43,LasPalmas,Española,4,psicopedadogo
1,2,2,1,5,6,4.66666666666667,3.66666666666667,4.2,1,1,2,5,2,5,5,2,4,5,4,5,5,5,3,4,5,2,4,4,1,1,5,5,5,4,2,1,1,1,1,1,1,1,1,1,4,1,31,Segovia,Española,3,DiseñadorGráfico
1,2,2,1,6,4,4.83333333333333,4.33333333333333,4.2,1,1,1,4,2,6,5,3,5,5,5,4,5,5,5,4,4,5,5,3,1,1,5,5,5,1,5,1,1,1,1,1,1,1,1,1,5,1,35,Madrid,española,4,administrativo
2,2,2,1,5,5,5,5,4.2,1,1,2,5,4,5,3,2,5,5,5,5,5,5,5,5,5,5,5,5,1,1,5,1,5,5,5,1,1,1,1,1,1,1,1,1,5,1,29,LasPalmas,Española,4,trabajadorasocial
2,2,2,1,5,4,3.5,2.33333333333333,4.4,1,1,2,6,2,5,5,1,4,3,3,4,3,4,2,3,3,2,2,2,1,1,5,5,5,5,2,1,1,1,1,1,1,1,1,1,3,1,38,Madrid,Española,4,revisondehipotecas.banco
2,2,2,1,4,4,4.5,4.33333333333333,4.4,1,1,2,4,3,5,4,3,4,4,4,5,5,5,3,6,6,3,3,5,1,1,6,4,6,3,3,1,1,1,1,1,1,1,1,1,3,1,30,CiudadReal,española,4,MAESTRA
2,2,2,1,4,4,5.33333333333333,3.83333333333333,4.6,1,1,1,4,1,6,6,3,4,5,5,6,6,6,3,4,6,3,2,5,1,1,6,6,6,4,1,1,1,1,1,1,1,1,1,1,5,4,41,Alicante,ESPAÑOLA,3,VARIAS
2,2,2,1,5,5,5,5.16666666666667,4.6,1,1,1,4,3,6,4,3,5,5,5,5,4,6,5,6,6,4,4,6,1,,5,5,5,5,3,1,1,1,1,1,1,1,1,1,4,2,43,LasPalmas,Española,2,dietista
2,2,2,1,6,6,4.66666666666667,4.5,4.8,1,1,3,3,1,4,6,4,5,4,5,5,5,4,4,5,5,4,4,5,1,1,5,5,5,5,4,1,1,1,1,1,1,1,1,1,1,1,39,LasPalmas,Española,2,técnicoenrayosdiágnostico
2,2,2,1,5,5,5,4.33333333333333,5.2,1,1,1,6,2,6,5,1,5,5,5,5,5,5,5,5,5,4,4,3,1,1,4,5,6,6,5,1,1,1,1,1,1,1,1,1,4,2,57,Madrid,ESPAÑOLA,3,ADMINISTRATIVO
2,2,2,1,3,3,3.16666666666667,2,1.4,1.5,1,3,5,5,4,2,2,4,3,3,3,3,3,2,2,2,2,2,2,1,2,1,1,2,2,1,1,1,1,1,1,1,1,1,1,1,2,48,Madrid,ESPAÑOLA,3,educadora
1,2,2,1,5,5,3.83333333333333,3,1.8,1.5,1,2,4,3,5,4,3,4,4,4,4,3,4,3,3,3,3,3,3,1,2,3,1,2,2,1,1,1,1,1,1,1,1,1,1,2,2,49,Madrid,Española,5,Psicologo
2,2,2,1,6,4,5.16666666666667,3,2,1.5,1,1,6,2,6,5,1,5,5,4,6,5,6,3,3,3,3,3,3,1,2,3,1,4,1,1,1,1,1,1,1,1,1,1,1,1,1,43,Madrid,Española,4,Ingeniera
2,2,2,1,4,5,4.33333333333333,1.66666666666667,2.4,1.5,1,1,5,3,6,4,2,4,6,3,5,4,4,1,1,3,2,2,1,1,2,3,1,3,4,1,1,1,1,1,1,1,1,1,1,2,4,28,Madrid,ESPAÑOLA-,4,DELINEANTE
1,2,2,1,4,5,3.66666666666667,2.83333333333333,2.6,1.5,1,4,4,2,3,5,3,3,4,4,4,3,4,2,3,4,2,2,4,2,1,3,3,2,4,1,1,1,1,1,1,1,1,1,1,2,2,37,Madrid,ESPAÑOLA,2,
2,2,2,1,5,5,4.83333333333333,2.16666666666667,2.8,1.5,1,2,6,2,5,5,1,5,5,4,5,5,5,2,2,3,2,2,2,1,2,4,2,4,3,1,1,1,1,1,1,1,1,1,1,2,2,57,Madrid,española,4,funcionaria
2,2,2,1,6,6,5,5,2.8,1.5,1,2,5,1,5,6,2,5,5,5,5,5,5,5,5,5,5,5,5,1,2,4,2,3,3,2,1,1,1,1,1,1,1,1,1,5,2,35,Asturias,española,4,empresaria
1,2,2,1,5,4,3,2.33333333333333,3,1.5,1,3,4,3,4,4,3,3,3,2,4,3,3,3,2,2,3,2,2,1,2,3,3,3,3,3,1,1,1,1,1,1,1,1,1,2,2,33,Baleares,espanyola,3,celador
2,2,2,1,5,5,5,2.83333333333333,3,1.5,1,3,4,2,4,5,3,5,5,5,5,5,5,3,4,4,2,2,2,1,2,5,1,4,3,2,1,1,1,1,1,1,1,1,1,3,2,53,Madrid,española,4,aux.enfermeria
1,2,2,1,6,5,4.83333333333333,3.83333333333333,3,1.5,1,1,5,1,6,6,2,4,4,5,5,6,5,4,4,4,4,4,3,1,2,3,3,4,3,2,1,1,1,1,1,1,1,1,1,3,1,38,Baleares,española,2,tecnicoderayosx
2,2,2,1,4,5,4.66666666666667,4.16666666666667,3.2,1.5,1,3,4,2,4,5,3,4,4,5,5,5,5,4,4,5,4,4,4,1,2,4,3,4,4,1,1,1,1,1,1,1,1,1,1,3,2,35,Murcia,ESPAÑOLA,5,RRHH
1,2,2,1,5,6,4.5,4.5,3.4,1.5,1,2,5,2,5,5,2,5,5,4,3,5,5,4,4,4,5,5,5,2,1,4,4,5,1,3,1,1,1,1,1,1,1,1,1,3,2,45,Málaga,ESPAÑOLA,1,HOSTELERO
2,2,2,1,6,6,4.33333333333333,2.66666666666667,3.6,1.5,1,1,4,3,6,4,3,4,5,4,5,3,5,3,4,4,2,2,1,2,1,4,4,5,3,2,1,1,1,1,1,1,1,1,1,3,2,38,Málaga,ESPAÑOLA,3,DESEMPLEADA
1,2,2,1,6,6,4,4,3.6,1.5,1,2,6,1,5,6,1,3,3,2,5,5,6,5,4,3,5,5,2,2,1,4,4,4,5,1,1,1,1,1,1,1,1,1,1,3,1,42,Madrid,Española,5,médico
1,2,2,1,3,3,4.33333333333333,3.33333333333333,3.8,1.5,1,2,5,2,5,5,2,3,4,5,3,6,5,3,4,3,3,3,4,1,2,3,4,4,4,4,1,1,1,1,1,1,1,1,1,3,2,40,Málaga,españaol,3,aux.admtivo
2,2,2,1,6,6,4.66666666666667,3.5,3.8,1.5,1,1,6,1,6,6,1,4,4,5,5,5,5,4,4,4,3,3,3,1,2,5,4,4,4,2,1,1,1,1,1,1,1,1,1,4,2,64,Baleares,ESPAÑOLA,1,DEPENDIENTA
1,2,2,1,6,6,5.33333333333333,4.6,3.8,1.5,1,2,5,1,5,6,2,6,6,5,5,5,5,5,5,5,4,4,,1,2,4,2,5,5,3,1,1,1,1,1,1,1,1,1,6,1,25,Navarra,Espana,2,Desempleado
2,2,2,1,5,6,5,5,4,1.5,1,1,6,1,6,6,1,5,5,5,5,5,5,5,5,5,5,5,5,2,1,5,1,5,5,4,1,1,1,1,1,1,1,1,1,1,2,51,Navarra,Espana,1,
1,2,2,1,5,5,4.66666666666667,4.16666666666667,4.2,1.5,1,1,6,2,6,5,1,6,6,4,4,4,4,3,4,5,4,4,5,2,1,5,3,5,5,3,1,1,1,1,1,1,1,1,1,5,1,31,Navarra,Espana,4,
2,2,2,1,5,4,4.5,2,2.4,2,1,2,3,3,5,4,4,4,5,4,4,5,5,2,2,2,2,2,2,1,3,3,3,2,2,2,1,1,1,1,1,1,1,1,1,2,2,41,Madrid,España,4,orientacioneducativa
2,2,2,1,4,5,3.5,2.16666666666667,2.6,2,1,2,3,2,5,5,4,3,3,3,4,4,4,2,2,3,2,2,2,2,2,3,2,3,3,2,1,1,1,1,1,1,1,1,1,2,1,32,Murcia,Española,4,Músico
1,2,2,1,4,4,3.66666666666667,3,2.6,2,1,3,4,2,4,5,3,4,3,4,4,3,4,3,3,3,3,3,3,1,3,3,2,3,3,2,1,1,1,1,1,1,1,1,1,2,2,33,Baleares,española,3,celador
2,2,2,1,6,5,4.83333333333333,2.83333333333333,2.8,2,1,1,5,1,6,6,2,5,4,5,6,4,5,3,3,3,3,2,3,2,2,3,3,3,4,1,1,1,1,1,1,1,1,1,1,3,1,20,Asturias,española,2,
2,2,2,1,5,4,4,4,2.8,2,1,2,5,3,5,4,2,4,4,4,4,4,4,4,4,4,3,4,5,2,2,4,2,4,2,2,1,1,1,1,1,1,1,1,1,5,1,30,Burgos,Espana,4,ServicioalCliente
1,2,2,1,4,3,4.16666666666667,3.33333333333333,3.2,2,1,3,6,2,4,5,1,4,3,4,5,5,4,4,3,4,3,3,3,1,3,4,3,3,3,3,1,1,1,1,1,1,1,1,1,2,1,36,Baleares,española,4,enfermero
1,2,2,1,4,5,4.83333333333333,3.66666666666667,3.2,2,1,1,6,1,6,6,1,6,5,5,5,4,4,3,4,4,3,4,4,2,2,4,1,4,4,3,1,1,1,1,1,1,1,1,1,4,2,48,Navarra,Espana,1,Operario
2,2,2,1,6,6,4.33333333333333,3.5,3.4,2,1,2,6,1,5,6,1,4,4,4,4,5,5,3,3,4,5,2,4,2,2,3,4,4,4,2,1,1,1,1,1,1,1,1,1,2,2,47,Alicante,ESPAÑOLA,3,PINTORA
1,2,2,1,6,5,5.16666666666667,4.5,3.4,2,1,1,4,2,6,5,3,5,6,5,5,5,5,5,5,5,4,4,4,2,2,4,3,4,4,2,1,1,1,1,1,1,1,1,1,5,0,,Porfavorseleccionaprovincia,,0,
2,2,2,1,6,6,5.83333333333333,3.16666666666667,4.4,2,1,2,6,1,5,6,1,5,6,6,6,6,6,3,3,3,3,2,5,1,3,5,5,5,5,2,1,1,1,1,1,1,1,1,1,3,2,48,Alicante,ESPAÑOLA,3,EDUCADORA
2,2,2,1,4,5,5.16666666666667,3.66666666666667,4.6,2,1,1,5,1,6,6,2,4,5,5,6,5,6,2,4,4,4,4,4,2,2,6,4,6,5,2,1,1,1,1,1,1,1,1,1,3,2,35,Toledo,ESPAÑOLA,4,MAESTRA
2,2,2,1,5,3,2.83333333333333,2.66666666666667,2.2,2.5,1,2,5,3,5,4,2,3,3,2,3,3,3,4,4,2,1,2,3,3,2,4,2,3,1,1,1,1,1,,1,1,1,1,1,2,2,48,Málaga,ESPAÑOLA,4,COCINERA
2,2,2,1,4,3,3.66666666666667,2.83333333333333,2.4,2.5,1,2,4,3,5,4,3,3,4,3,4,4,4,3,3,3,2,3,3,2,3,3,2,2,3,2,1,1,1,1,1,1,1,1,1,3,1,43,Baleares,española,5,medico
2,2,2,1,6,5,5.33333333333333,3.33333333333333,3,2.5,1,2,4,1,5,6,3,5,4,5,6,6,6,3,4,4,3,3,3,2,3,4,3,3,3,2,1,1,1,1,1,1,1,1,1,3,1,37,Baleares,española,2,administrativa
2,2,2,1,5,5,4.66666666666667,3.6,3.2,2.5,1,2,6,2,5,5,1,5,5,4,5,4,5,3,4,4,3,,4,2,3,4,2,4,3,3,1,1,1,1,1,1,1,1,1,1,1,30,Navarra,Espana,3,Servicios
1,2,2,1,6,5,4.33333333333333,3.83333333333333,3.2,2.5,1,2,6,1,5,6,1,4,3,4,5,5,5,4,4,4,3,4,4,2,3,4,3,3,3,3,1,1,1,1,1,1,1,1,1,3,2,42,Baleares,,5,medico
2,2,2,1,6,6,5,4.16666666666667,4.2,2.5,1,2,4,2,5,5,3,5,5,5,5,5,5,5,4,4,4,4,4,3,2,5,5,5,5,1,1,1,1,1,1,1,1,1,1,4,2,34,Alicante,Española,4,Profesorconservatorio
1,2,2,1,4,4,4,4,3,3,1,2,4,2,5,5,3,4,4,4,4,4,4,4,4,4,4,4,4,3,3,5,2,3,3,2,1,1,1,1,1,1,1,1,1,4,2,37,Madrid,española,2,comercial
2,2,2,1,5,5,4.66666666666667,2.83333333333333,3.8,3,1,6,5,2,1,5,2,4,4,5,5,5,5,2,2,4,3,3,3,3,3,5,4,4,4,2,1,1,1,1,1,1,1,1,1,5,1,38,Alicante,española,1,operaria
2,2,2,1,6,6,6,3.5,4.2,3.5,1,1,5,2,6,5,2,6,6,6,6,6,6,3,6,5,2,3,2,4,3,5,3,6,6,1,1,1,1,1,1,1,1,1,1,6,2,59,Madrid,ESPAÑOLA,4,FUNCIONARIA
1,2,2,1,5,4,3.16666666666667,2.33333333333333,1.4,1,1.14285714285714,3,4,3,4,4,3,3,4,3,3,3,3,2,3,2,3,2,2,1,1,2,1,2,1,1,1,1,1,1,1,1,2,1,1,2,2,62,Asturias,española,3,comercial
1,2,2,1,5,4,4.5,2.33333333333333,1.6,1,1.14285714285714,2,4,3,5,4,3,4,5,5,5,4,4,2,2,3,2,2,3,1,1,2,1,2,2,1,1,1,1,1,1,1,2,1,1,2,2,39,Toledo,español,4,empresario
1,2,2,1,2,3,2.33333333333333,1.5,1.8,1,1.14285714285714,3,5,4,4,3,2,2,3,2,2,3,2,1,2,2,1,1,2,1,1,2,1,3,2,1,2,1,1,1,1,1,1,1,1,1,2,45,Madrid,ESPAÑOLA,3,PERITOJUDICIAL
1,2,2,1,2,3,2.16666666666667,1.83333333333333,1.8,1,1.14285714285714,4,4,5,3,2,3,2,2,2,3,2,2,2,3,3,1,1,1,1,1,2,1,3,2,1,1,1,1,1,1,1,2,1,1,1,2,50,Madrid,ESPAÑOLA,3,MILITAR
1,2,2,1,5,6,4.16666666666667,3.33333333333333,4,1,1.14285714285714,2,4,2,5,5,3,5,4,3,4,4,5,3,5,5,2,3,2,1,1,4,3,6,6,1,1,1,1,1,1,1,2,1,1,4,2,40,Málaga,ESPAÑOLA,3,SUPERVISORNACIONALDEEMPRESACOMPRADEORO
1,2,2,1,5,5,3.33333333333333,3,2,2,1.14285714285714,4,3,3,3,4,4,3,3,3,4,3,4,2,4,3,2,2,5,2,2,3,1,3,2,1,1,1,1,1,1,1,2,2,1,1,2,55,Alicante,ESPAÑOLA,2,COMERCIAL
2,2,2,1,5,3,5.33333333333333,3.16666666666667,2.2,2,1.14285714285714,1,5,2,6,5,2,6,5,5,6,5,5,4,3,3,3,3,3,1,3,3,2,2,2,2,2,1,1,1,1,1,1,1,1,,4,54,Baleares,española,2,administrativa
1,2,2,1,3,4,4,3.66666666666667,2.2,2,1.14285714285714,3,5,4,4,3,2,4,4,4,4,4,4,3,4,4,3,4,4,2,2,2,1,3,3,2,2,1,1,1,1,1,1,1,1,4,1,31,Navarra,Espana,2,
1,2,2,1,5,6,4.5,4,3.8,2,1.14285714285714,3,5,2,4,5,2,4,5,4,5,4,5,5,4,4,3,4,4,2,2,4,3,5,4,3,1,1,1,1,1,1,2,1,1,3,2,42,LasPalmas,Española,2,pinche
2,2,2,1,4,6,5.5,4.33333333333333,4,2,1.14285714285714,2,5,2,5,5,2,5,6,6,5,5,6,4,4,5,4,4,5,2,2,5,5,4,3,3,2,1,1,1,1,1,1,1,1,4,2,33,Málaga,ESPAÑOLA,1,DEPENDIENTA
2,2,2,1,3,3,2.5,2,2.5,2.5,1.14285714285714,4,5,5,3,2,2,2,3,2,3,3,2,2,2,2,3,1,2,3,2,3,2,3,,2,1,1,1,1,1,1,2,1,1,2,1,35,Cádiz,española,4,recepcionistadehotel
1,2,2,1,5,4,5.5,4.16666666666667,3.2,2.5,1.14285714285714,1,1,1,6,6,6,6,5,6,6,5,5,5,5,5,4,4,2,3,2,4,3,3,3,3,2,1,1,1,1,1,1,1,1,1,1,30,Baleares,española,3,celador
1,2,2,1,5,6,4.66666666666667,2.33333333333333,3.4,2.5,1.14285714285714,1,5,3,6,4,2,4,4,5,4,5,6,2,2,2,4,3,1,3,2,2,5,4,4,2,1,1,1,1,1,1,2,1,3,3,1,38,Valladolid,Española,4,Contable
2,2,2,1,6,5,5,4.16666666666667,3.6,2.5,1.14285714285714,1,5,2,6,5,2,5,4,5,5,6,5,4,4,5,4,4,4,2,3,4,3,4,4,3,2,1,1,1,1,1,1,1,1,3,2,30,Baleares,española,4,enfermera
1,2,2,1,5,5,5.33333333333333,2.5,4.8,4,1.14285714285714,2,6,2,5,5,1,6,4,4,6,6,6,3,1,3,2,3,3,4,4,5,5,6,5,3,2,1,1,1,1,1,1,1,1,4,1,33,Baleares,ESPAÑOLA,0,COMERCIAL
1,2,2,1,3,3,5,1.83333333333333,3.2,1,1.28571428571429,3,5,5,4,2,2,5,6,4,5,5,5,1,4,3,1,1,1,1,1,1,3,5,5,2,1,1,1,1,1,1,3,1,1,2,2,42,Madrid,española,4,fisico
1,2,2,1,5,6,4.66666666666667,3.5,3.25,1,1.28571428571429,2,5,2,5,5,2,5,5,5,5,5,3,3,4,5,3,3,3,1,1,4,1,4,4,,3,1,1,1,1,1,1,1,1,4,2,49,Madrid,ESPAÑA,2,AUX.ADMON
1,2,2,1,5,4,3.33333333333333,2.16666666666667,2.6,2,1.28571428571429,3,4,4,4,3,3,3,3,3,4,3,4,2,3,4,1,1,2,2,2,3,2,3,4,1,1,1,1,2,1,1,2,1,1,2,2,38,Málaga,ESPAÑOLA,2,DEPENDIENTE
1,2,2,1,6,4,3.16666666666667,3,4,2,1.28571428571429,2,5,3,5,4,2,3,3,3,3,4,3,3,3,3,2,3,4,2,2,6,4,3,4,3,1,1,1,2,1,1,2,1,1,3,1,25,Madrid,española,4,administartivo
2,2,2,1,4,5,4,3.33333333333333,3.4,3,1.28571428571429,2,6,1,5,6,1,4,4,4,4,4,4,3,4,4,3,3,3,2,4,4,3,3,4,3,1,1,1,2,1,1,2,1,2,3,1,26,Baleares,española,4,enfermera
2,2,2,1,6,6,4.66666666666667,4,1.6,1,1.42857142857143,3,5,1,4,6,2,5,4,5,4,5,5,4,4,4,4,4,4,1,1,2,1,2,1,2,1,2,2,1,1,1,2,1,2,1,2,37,Alicante,española,4,profesora
2,2,2,1,4,4,2.83333333333333,3,2.5,1,1.42857142857143,3,5,5,4,2,2,3,3,3,3,2,3,1,6,5,2,2,2,1,1,2,,5,2,1,1,1,1,1,1,1,4,2,1,1,1,39,Madrid,ESPAÑOLA,5,ADMINISTRATIVAABOGADA
2,2,2,1,6,6,4.83333333333333,2.66666666666667,3.4,4,1.42857142857143,1,4,1,6,6,3,5,5,5,5,5,4,3,3,3,3,2,2,4,4,3,4,3,4,3,1,1,2,2,1,1,2,1,1,3,2,47,Valencia,ESPAÑOLA,4,GESTIÓNADMINISTRATIVA
2,2,2,1,5,5,3.5,3.16666666666667,4,2.5,1.57142857142857,2,5,1,5,6,2,4,5,2,5,3,2,3,5,5,2,2,2,2,3,5,3,5,5,2,1,1,1,2,2,1,3,2,1,4,1,42,Baleares,ESPAÑOLA,2,VARIAS
1,2,2,1,6,5,4,2.66666666666667,2,1.5,1.66666666666667,2,5,2,5,5,2,4,3,4,4,4,5,1,3,4,2,3,3,1,2,2,2,2,2,2,1,2,,2,2,1,2,2,,2,0,55,Madrid,española,3,directorfabricacion
2,2,2,1,5,5,2.33333333333333,2.5,1,1,1.71428571428571,4,4,2,3,5,3,2,3,3,2,2,2,2,3,3,3,2,2,1,1,1,1,1,1,1,2,2,1,1,2,2,2,1,1,2,1,28,Alicante,española,4,informatica
1,2,2,1,4,3,2,1.5,2,3,1.85714285714286,5,5,5,2,2,2,2,2,2,2,2,2,2,1,1,1,2,2,3,3,3,2,2,2,1,3,2,2,2,1,1,2,1,2,2,2,55,Alicante,español,5,informatico
2,2,2,1,5,4,5.33333333333333,5,1.8,2,2,1,6,1,6,6,1,5,3,6,6,6,6,4,5,5,6,6,4,2,2,2,2,2,1,2,2,2,2,2,2,2,2,2,2,2,1,38,Baleares,ESPAÑOLA,4,PATRÓN
2,2,2,1,4,4,4,3.5,3.2,2,2,3,5,3,4,4,2,4,4,4,4,4,4,4,4,4,3,3,3,2,2,4,2,4,4,2,2,2,2,2,2,2,2,2,2,2,2,67,Zaragoza,Española,1,Ayudantedeenfermeria
1,2,2,1,3,3,1.66666666666667,1.66666666666667,2.8,2.5,2.14285714285714,4,4,5,3,2,3,2,1,2,1,2,2,1,1,2,2,1,3,3,2,4,3,3,2,2,3,3,2,1,1,2,3,3,2,3,4,45,Alicante,español,2,visitador
1,2,2,1,4,3,2.5,2.33333333333333,2.8,3,2.28571428571429,4,4,4,3,3,3,2,2,3,3,3,2,3,2,3,2,2,2,3,3,4,3,3,2,2,2,3,3,3,2,2,1,1,1,1,1,41,Porfavorseleccionaprovincia,español,3,fontanero
1,2,2,1,4,4,1.66666666666667,1.66666666666667,2.2,2.5,2.71428571428571,4,3,4,3,3,4,2,2,2,2,1,1,1,2,2,2,1,2,2,3,2,3,2,2,2,3,3,3,2,2,3,3,2,2,2,2,33,Porfavorseleccionaprovincia,español,3,funcionario
1,2,2,1,4,4,1.66666666666667,1.66666666666667,2.2,2.5,2.71428571428571,4,3,4,3,3,4,2,2,2,2,1,1,1,2,2,2,1,2,2,3,2,3,2,2,2,3,3,3,2,2,3,3,2,2,2,3,40,Alicante,español,4,funcionario
2,2,2,1,4,4,4.66666666666667,3.33333333333333,3.4,4,3.57142857142857,1,4,2,6,5,3,5,4,4,5,4,6,3,3,4,3,3,4,4,4,3,4,2,5,3,4,4,4,4,4,2,3,2,1,2,2,25,Madrid,ESPAÑOLA,3,ADMINISTRATIVA
1,2,2,1,3,2,2.83333333333333,1.83333333333333,1.8,1.5,3.71428571428571,5,2,3,2,4,5,2,4,2,3,4,2,2,1,2,2,3,1,2,1,1,2,2,2,2,5,4,4,3,3,3,4,5,3,2,2,63,Madrid,española,4,funcionario
2,2,2,1,1,4,5,3.5,3.4,3.5,4.14285714285714,1,6,1,6,6,1,5,5,5,5,5,5,5,5,2,3,3,3,4,3,4,3,4,4,2,4,3,5,4,4,5,4,3,2,2,1,33,Asturias,española,4,
2,2,2,1,1,1,1.5,1,1,1,4.85714285714286,6,6,6,1,1,1,1,1,1,1,3,2,1,1,1,1,1,1,1,1,1,1,1,1,1,5,5,4,5,4,5,6,5,1,1,2,,ESPAÑOLA,34,1,
1,2,2,1,3,3,2.16666666666667,2.83333333333333,2.8,2,5,6,1,6,1,1,6,2,5,1,1,2,2,2,2,2,3,2,6,2,2,2,5,2,3,2,5,5,5,4,4,6,6,1,1,3,2,64,Baleares,ESPAÑOLA,1,CONDUCTORAUTOBUSINTERURBANO
2,1,3,2,6,6,5.16666666666667,2.66666666666667,1,1,1,1,1,1,6,6,6,6,6,6,6,6,1,1,6,6,1,1,1,1,1,1,1,1,1,1,1,1,1,1,1,1,1,1,1,1,2,40,Valladolid,española,4,psicólogo
1,1,3,2,6,2,3,3.33333333333333,1,1,1,3,4,3,4,4,3,3,3,2,3,3,4,3,3,5,3,3,3,1,1,1,1,1,1,1,1,1,1,1,1,1,1,1,1,1,2,54,Valladolid,española,3,marmolista
1,1,3,2,6,2,3,3.33333333333333,1,1,1,3,4,3,4,4,3,3,3,2,3,3,4,3,3,5,3,3,3,1,1,1,1,1,1,1,1,1,1,1,1,1,1,1,1,1,2,54,Valladolid,española,3,marmolista
2,1,3,2,6,6,6,3.5,1,1,1,1,1,1,6,6,6,6,6,6,6,6,6,3,3,6,3,3,3,1,1,1,1,1,1,1,1,1,1,1,1,1,1,1,1,1,2,40,Valladolid,española,4,psicologo
2,1,3,2,6,6,6,3.5,1,1,1,1,1,1,6,6,6,6,6,6,6,6,6,3,3,6,3,3,3,1,1,1,1,1,1,1,1,1,1,1,1,1,1,1,1,1,2,40,Valladolid,española,4,psicologo
1,1,3,2,3,2,2,1,1.2,1,1,3,4,5,4,2,3,2,2,2,2,2,2,1,1,1,1,1,1,1,1,1,1,1,2,1,1,1,1,1,1,1,1,1,1,,2,40,Avila,española,4,funcionario
1,1,3,2,5,4,3.16666666666667,1.33333333333333,1.2,1,1,3,4,3,4,4,3,3,4,3,3,3,3,2,1,1,1,2,1,1,1,1,1,2,1,1,1,1,1,1,1,1,1,1,1,1,1,24,Baleares,española,3,TECNICOADMINISTRATIVO
2,1,3,2,1,2,2,2.16666666666667,1.4,1,1,4,5,5,3,2,2,2,2,2,2,2,2,2,3,2,2,2,2,1,1,2,1,2,1,1,1,1,1,1,1,1,1,1,1,2,2,44,Zamora,española,4,tecnicoenempresasyactividadesturisticas
1,1,3,2,5,5,4,2.16666666666667,1.4,1,1,1,4,2,6,5,3,4,4,4,4,4,4,3,2,2,2,2,2,1,1,2,1,2,1,1,1,1,1,1,1,1,1,1,1,2,1,46,Baleares,ESPAÑOLA,3,
2,1,3,2,3,3,2.83333333333333,1.5,1.6,1,1,2,4,3,5,4,3,3,3,3,3,2,3,2,2,2,1,1,1,1,1,2,2,2,1,1,1,1,1,1,1,1,1,1,1,2,2,44,Huesca,española,4,librera
2,1,3,2,5,5,4,2.33333333333333,1.6,1,1,3,5,3,4,4,2,4,4,4,4,4,4,1,1,3,3,3,3,1,1,2,1,3,1,1,1,1,1,1,1,1,1,1,1,3,2,50,Valladolid,española,4,auxiliaradministrativa
2,1,3,2,5,5,4,2.33333333333333,1.6,1,1,3,5,3,4,4,2,4,4,4,4,4,4,1,1,3,3,3,3,1,1,2,1,3,1,1,1,1,1,1,1,1,1,1,1,3,2,50,Valladolid,española,4,auxiliaradministrativa
1,1,3,1,4,4,2.83333333333333,3,1.6,1,1,3,4,3,4,4,3,3,3,3,3,2,3,3,3,3,3,3,3,1,1,1,1,3,2,1,1,1,1,1,1,1,1,1,1,3,1,,Española,36,1,1
1,1,3,1,3,3,3,3,1.6,1,1,3,5,4,4,3,2,3,3,3,3,3,3,3,3,3,3,3,3,1,1,2,1,2,2,1,1,1,1,1,1,1,1,1,1,2,2,41,Murcia,española,5,letrado
2,1,3,2,3,3,3,1.33333333333333,1.8,1,1,3,5,4,4,3,2,3,4,3,3,2,3,1,2,2,1,1,1,1,1,2,2,2,2,1,1,1,1,1,1,1,1,1,1,2,2,42,Salamanca,española,4,profesora
2,1,3,2,4,5,3.16666666666667,2.16666666666667,1.8,1,1,3,5,3,4,4,2,3,4,3,3,3,3,1,2,3,1,2,4,1,1,2,1,3,2,1,1,1,1,1,1,1,1,1,1,1,1,36,ACoruña,ESPAÑOLA,3,COORDINADORA
2,1,3,2,4,4,4.83333333333333,2.83333333333333,1.8,1,1,2,4,3,5,4,3,4,5,5,5,5,5,4,3,3,3,2,2,1,1,2,1,3,2,1,1,1,1,1,1,1,1,1,1,1,2,52,Baleares,española,2,administrativa
1,1,3,2,4,3,3.33333333333333,2,2,1,1,2,4,4,5,3,3,3,3,3,4,3,4,2,2,2,2,2,2,1,1,1,1,3,3,2,1,1,1,1,1,1,1,1,1,1,2,33,Madrid,Española,4,Médico
2,1,3,2,6,5,3.5,2.33333333333333,2,1,1,3,4,2,4,5,3,3,4,4,3,3,4,2,3,3,2,2,2,1,1,3,2,2,2,1,1,1,1,1,1,1,1,1,1,2,1,45,Córdoba,ESPAÑOLA,2,ADMINISTRATIVO
1,1,3,2,6,4,4.16666666666667,2.5,2,1,1,1,3,2,6,5,4,4,3,3,5,6,4,6,2,3,1,2,1,1,1,1,1,5,2,1,1,1,1,1,1,1,1,1,1,2,1,35,LasPalmas,Española,4,Profesor
1,1,3,2,4,5,4.83333333333333,3.66666666666667,2,1,1,2,6,2,5,5,1,5,6,4,5,4,5,3,6,3,4,3,3,1,1,4,1,2,2,1,1,1,1,1,1,1,1,1,1,3,2,47,Valladolid,española,5,
2,1,3,2,6,6,6,1.83333333333333,2.2,1,1,1,1,1,6,6,6,6,6,6,6,6,6,1,1,6,1,1,1,1,1,6,1,2,1,1,1,1,1,1,1,1,1,1,1,1,2,40,Valladolid,española,4,psicologo
1,1,3,2,6,6,4.83333333333333,2,2.2,1,1,1,4,1,6,6,3,5,5,5,5,4,5,2,2,2,2,2,2,1,1,3,2,2,3,1,1,1,1,1,1,1,1,1,1,1,1,38,Baleares,española,4,funcionario
2,1,3,2,4,5,3.16666666666667,2.33333333333333,2.2,1,1,2,4,2,5,5,3,4,3,3,3,3,3,2,3,2,2,3,2,1,1,2,2,3,2,2,1,1,1,1,1,1,1,1,1,2,4,47,Baleares,ESPAÑOLA,2,
1,1,3,1,5,5,4.5,3,2.2,1,1,2,3,3,5,4,4,5,5,4,4,4,5,3,4,3,2,2,4,1,1,4,1,3,2,1,1,1,1,1,1,1,1,1,1,2,2,44,Barcelona,,2,tecnicosuperior
1,1,3,2,4,5,4.83333333333333,3.66666666666667,2.2,1,1,2,6,2,5,5,1,5,6,4,5,4,5,3,6,3,4,3,3,1,1,4,1,2,3,1,1,1,1,1,1,1,1,1,1,3,2,47,Valladolid,española,5,banca
2,1,3,2,6,6,5,1.5,2.4,1,1,1,4,1,6,6,3,5,5,5,5,5,5,2,3,1,1,1,1,1,1,3,1,3,4,1,1,1,1,1,1,1,1,1,1,1,2,34,LasPalmas,Española,4,Encargadetienda
1,1,3,1,3,2,3.66666666666667,3.16666666666667,2.4,1,1,2,4,3,5,4,3,4,4,4,4,3,3,3,4,3,3,3,3,1,1,3,1,4,3,1,1,1,1,1,1,1,1,1,1,1,2,48,Alava,Española,2,TécnicoEspecialista
2,1,3,2,4,4,3.33333333333333,2.83333333333333,2.6,1,1,2,4,3,5,4,3,3,4,3,3,3,4,3,4,4,2,3,1,1,1,3,1,4,4,1,1,1,1,1,1,1,1,1,1,1,1,38,LasPalmas,Española,2,Administrativo/Vigilante
2,1,3,2,4,4,3.33333333333333,2.83333333333333,2.6,1,1,2,4,3,5,4,3,3,4,3,3,3,4,3,4,4,2,3,1,1,1,3,1,4,4,1,1,1,1,1,1,1,1,1,1,1,1,38,LasPalmas,Española,2,Administrativo/Vigilante
2,1,3,2,5,4,3.83333333333333,2,2.8,1,1,2,4,1,5,6,3,4,3,3,4,5,4,2,2,2,2,2,2,1,1,2,1,4,4,3,1,1,1,1,1,1,1,1,1,2,1,34,LasPalmas,Española,3,Administrativa
2,1,3,2,4,3,3.83333333333333,2.66666666666667,2.8,1,1,2,5,2,5,5,2,3,4,4,4,4,4,2,4,3,2,3,2,1,1,4,2,4,3,1,1,1,1,1,1,1,1,1,3,2,2,51,LasPalmas,Española,1,Dependienta
2,1,3,2,5,5,4.5,3,2.8,1,1,1,4,2,6,5,3,3,4,5,5,5,5,3,3,3,3,3,3,1,1,3,3,3,4,1,1,1,1,1,1,1,1,1,1,3,1,40,Córdoba,española,2,adm
2,1,3,1,5,5,4.66666666666667,3.2,2.8,1,1,2,4,2,5,5,3,4,5,5,5,4,5,3,,4,3,3,3,1,1,3,2,4,2,3,1,1,1,1,1,1,1,1,1,3,0,44,Alava,Española,2,AuxiliardeEnfermería
1,1,3,2,6,6,4,3.83333333333333,2.8,1,1,1,5,1,6,6,2,3,3,4,5,4,5,3,5,5,3,3,4,1,1,3,2,4,3,2,1,1,1,1,1,1,1,1,1,3,2,45,Valladolid,española,2,montadorcocinas
2,1,3,1,6,4,2.5,2.33333333333333,3,1,1,2,3,1,5,6,4,2,3,3,2,3,2,3,3,2,2,2,2,1,1,3,3,3,3,3,1,1,1,1,1,1,1,1,1,3,1,27,LasPalmas,española,1,agricultura
1,1,3,1,6,6,6,2.66666666666667,3,1,1,1,6,1,6,6,1,6,6,6,6,6,6,2,4,4,2,2,2,1,1,4,3,3,3,2,1,1,1,1,1,1,1,1,1,2,2,45,Vizcaya,española,5,informático
1,1,3,2,6,6,4.83333333333333,3.8,3,1,1,2,4,2,5,5,3,5,5,5,5,4,5,3,4,5,,3,4,1,1,3,2,4,4,2,1,1,1,1,1,1,1,1,1,3,2,47,Huelva,española,4,aux.mantto.
1,1,3,2,5,5,5,4,3,1,1,2,5,3,5,4,2,5,5,5,5,5,5,4,4,4,4,4,4,1,1,3,3,3,3,3,1,1,1,1,1,1,1,1,1,2,2,35,Porfavorseleccionaprovincia,,2,COORDINADORTELEMARKETING
2,1,3,2,4,5,4.66666666666667,2.66666666666667,3.2,1,1,2,4,3,5,4,3,5,3,4,6,5,5,2,5,3,2,2,2,1,1,5,1,5,4,1,1,1,1,1,1,1,1,1,1,3,1,26,Valladolid,española,6,enfermera
2,1,3,2,4,5,4.66666666666667,2.66666666666667,3.2,1,1,2,4,3,5,4,3,5,3,4,6,5,5,2,5,3,2,2,2,1,1,5,1,5,4,1,1,1,1,1,1,1,1,1,1,3,1,26,Valladolid,española,6,enfermera
1,1,3,2,6,5,5.33333333333333,2.83333333333333,3.2,1,1,2,5,2,5,5,2,6,5,5,6,5,5,3,3,3,3,3,2,1,1,5,4,3,3,1,1,1,1,1,1,1,1,1,1,3,1,27,Madrid,Española,4,IngenieroTelecomunicaciones
1,1,3,2,6,5,5.33333333333333,2.83333333333333,3.2,1,1,2,5,2,5,5,2,6,5,5,6,5,5,3,3,3,3,3,2,1,1,5,4,3,3,1,1,1,1,1,1,1,1,1,1,3,1,27,Madrid,Española,4,IngenieroTelecomunicaciones
1,1,3,2,6,5,4,3,3.2,1,1,1,5,3,6,4,2,5,4,4,4,3,4,3,3,3,3,3,3,1,1,5,1,4,4,2,1,1,1,1,1,1,1,1,1,3,1,33,Zamora,ESPAÑOLA,5,Comercial
1,1,3,2,6,5,4.66666666666667,3,3.2,1,1,3,3,2,4,5,4,5,5,5,4,4,5,3,3,3,3,3,3,1,1,3,3,3,4,3,1,1,1,1,1,1,1,1,1,3,2,47,Porfavorseleccionaprovincia,Española,4,Aux.Mantto.
2,1,3,1,6,6,4.5,2.5,3.4,1,1,2,4,2,5,5,3,5,5,4,5,3,5,2,3,3,2,2,3,1,1,4,3,5,4,1,1,1,1,1,1,1,1,1,1,3,1,23,León,Española,3,Cuidadoradeniños
2,1,3,1,4,4,4.33333333333333,3.4,3.4,1,1,3,5,3,4,4,2,4,4,4,4,5,5,3,5,,3,3,3,1,,4,3,4,4,2,1,1,1,1,1,1,1,,1,2,1,32,Toledo,ESPAÑOLA,4,ADMINISTRACION
2,1,3,2,5,4,4.16666666666667,3.5,3.4,1,1,3,2,6,4,1,5,5,5,3,3,5,4,3,4,3,3,4,4,1,1,4,3,4,3,3,1,1,1,1,1,1,1,1,1,3,2,53,Valladolid,española,4,maestra
2,1,3,2,5,4,4.16666666666667,3.5,3.4,1,1,3,2,6,4,1,5,5,5,3,3,5,4,3,4,3,3,4,4,1,1,4,3,4,3,3,1,1,1,1,1,1,1,1,1,3,2,53,Valladolid,española,4,maestra
2,1,3,2,6,4,4.33333333333333,3.5,3.4,1,1,2,5,1,5,6,2,4,5,4,5,4,4,3,4,5,3,3,3,1,1,4,2,4,4,3,1,1,1,1,1,1,1,1,1,3,2,44,Valladolid,española,3,administrativa
2,1,3,2,6,4,4.33333333333333,3.5,3.4,1,1,2,5,1,5,6,2,4,5,4,5,4,4,3,4,5,3,3,3,1,1,4,2,4,4,3,1,1,1,1,1,1,1,1,1,3,2,44,Valladolid,española,3,administrativa
1,1,3,2,6,5,4.66666666666667,3.16666666666667,3.6,1,1,1,1,1,6,6,6,4,5,4,5,5,5,3,4,4,2,2,4,1,1,4,4,4,4,2,1,1,1,1,1,1,1,1,1,3,3,55,ACoruña,ESPAÑOLA,2,ELECTRICISTA
2,1,3,2,5,4,5,2.83333333333333,3.8,1,1,1,5,1,6,6,2,5,5,5,5,5,5,2,3,3,2,2,5,1,1,5,4,4,4,2,1,1,1,1,1,1,1,1,1,4,2,37,ACoruña,Española,4,Supervisora
2,1,3,2,6,6,4.33333333333333,3,3.8,1,1,1,5,2,6,5,2,4,4,4,5,4,5,3,3,3,3,3,3,1,1,4,4,4,4,3,1,1,1,1,1,1,1,1,1,3,1,48,Madrid,española,4,enfermera
2,1,3,2,5,3,5.5,4.66666666666667,3.8,1,1,1,6,2,6,5,1,5,4,6,6,6,6,5,6,5,4,4,4,1,1,5,1,5,4,4,1,1,1,1,1,1,1,1,1,5,2,54,Valladolid,española,4,personaldeservicios
2,1,3,2,5,3,5.5,4.66666666666667,3.8,1,1,1,6,2,6,5,1,5,4,6,6,6,6,5,6,5,4,4,4,1,1,5,1,5,4,4,1,1,1,1,1,1,1,1,1,5,2,54,Valladolid,española,4,profesionaldeservicios
1,1,3,2,5,5,4.66666666666667,3.16666666666667,4,1,1,1,3,3,6,4,4,5,5,5,5,5,3,3,4,3,3,3,3,1,1,4,4,4,4,4,1,1,1,1,1,1,1,1,1,4,2,48,Córdoba,española,3,funcionario
1,1,3,2,4,5,4.83333333333333,4,4.2,1,1,2,6,1,5,6,1,4,4,5,5,5,6,3,6,3,5,4,3,1,1,5,4,6,5,1,1,1,1,1,1,1,1,1,1,4,2,50,Valladolid,española,1,comercial
1,1,3,2,6,5,4.83333333333333,3.66666666666667,4.4,1,1,1,4,1,6,6,3,5,5,5,5,4,5,3,3,5,3,3,5,1,1,4,4,5,5,4,1,1,1,1,1,1,1,1,1,5,1,44,ACoruña,ESPAÑOLA,3,teleoperador
2,1,3,2,5,5,4.66666666666667,4.16666666666667,4.6,1,1,2,4,3,5,4,3,5,4,5,4,5,5,3,5,5,4,4,4,1,1,5,4,5,5,4,1,1,1,1,1,1,1,1,1,5,2,40,Madrid,Española,5,Abogada
1,1,3,2,4,5,4.83333333333333,3.83333333333333,5,1,1,2,6,1,5,6,1,4,4,5,5,5,6,3,5,3,5,4,3,1,1,5,4,6,5,5,1,1,1,1,1,1,1,1,1,4,2,50,Valladolid,española,1,
1,1,3,2,4,5,5,5,5,1,1,1,6,1,6,6,1,5,5,5,5,5,5,5,5,5,5,5,5,1,1,5,5,5,5,5,1,1,1,1,1,1,1,1,1,5,2,43,Córdoba,española,1,funcionarioministeriointerior
2,1,3,2,6,5,5.33333333333333,5,5.2,1,1,1,6,1,6,6,1,5,5,6,6,5,5,5,6,4,5,5,5,1,1,5,5,6,6,4,1,1,1,1,1,1,1,1,1,5,4,42,Valencia,Española,3,Varias
1,1,3,2,6,6,6,5.16666666666667,5.8,1,1,1,6,1,6,6,1,6,6,6,6,6,6,5,5,6,5,5,5,1,1,6,6,6,6,5,1,1,1,1,1,1,1,1,1,,1,38,Valencia,española,3,Comercial
2,1,3,2,4,4,4,2.16666666666667,2,1.5,1,2,5,2,5,5,2,4,5,4,4,3,4,2,2,2,2,3,2,1,2,3,1,3,2,1,1,1,1,1,1,1,1,1,1,2,2,29,Toledo,spañola,4,AnalistaProgramador
1,1,3,2,5,5,3.66666666666667,2.66666666666667,2,1.5,1,2,4,4,5,3,3,3,5,3,4,4,3,2,2,3,3,3,3,1,2,2,2,3,2,1,1,1,1,1,1,1,1,1,1,2,2,52,Huesca,española,3,
1,1,3,2,5,4,4,2.5,2.6,1.5,1,2,4,3,5,4,3,3,3,4,4,5,5,3,3,3,2,2,2,1,2,3,2,3,3,2,1,1,1,1,1,1,1,1,2,4,2,,ESPAÑOLA,40,1,
1,1,3,2,6,5,3.5,2.66666666666667,2.6,1.5,1,2,4,2,5,5,3,3,3,4,4,4,3,2,3,4,2,2,3,2,1,3,3,3,2,2,1,1,1,1,1,1,1,1,1,3,2,34,Toledo,española,4,ARQUITECTOTECNICO
2,1,3,2,4,6,3.83333333333333,4,2.8,1.5,1,1,6,2,6,5,1,3,4,4,4,4,4,5,5,4,3,4,3,1,2,3,3,3,4,1,1,1,1,1,1,1,1,1,1,1,1,33,Madrid,ESPAÑOLA,2,INFORMATICO
2,1,3,2,4,4,3.33333333333333,2.83333333333333,3,1.5,1,1,5,2,6,5,2,4,4,3,4,3,2,3,3,4,2,2,3,1,2,4,2,4,3,2,1,1,1,1,1,1,1,1,1,3,1,38,Zamora,ESPAÑOLA,4,INGENIERATECNICAAGRICOLA
2,1,3,2,6,5,5,3,3.4,1.5,1,1,5,1,6,6,2,5,5,5,5,5,5,3,3,3,2,3,4,1,2,3,3,4,4,3,1,1,1,1,1,1,1,1,1,4,1,35,ACoruña,Española,5,administrativa//RRHH
2,1,3,2,6,6,5,3,3.6,1.5,1,1,4,1,6,6,3,5,5,5,5,5,5,4,3,3,2,2,4,1,2,4,4,4,4,2,1,1,1,1,1,1,1,1,1,3,2,58,ACoruña,Española,1,
1,1,3,2,6,5,4.33333333333333,3.33333333333333,3.8,1.5,1,2,5,2,5,5,2,4,4,4,5,4,5,4,3,4,2,4,3,1,2,4,3,5,4,3,1,1,1,1,1,1,1,1,1,4,2,44,Zamora,española,4,Empresario
1,1,3,2,5,3,3.83333333333333,1.66666666666667,2.6,2,1,1,4,2,6,5,3,3,3,3,4,5,5,2,2,2,1,1,2,2,2,3,2,3,3,2,1,1,1,1,1,1,1,1,1,3,2,44,LasPalmas,Española,3,ResponsableAdministración
2,1,3,2,4,4,4,3.33333333333333,2.75,2,1,2,5,2,5,5,2,4,4,4,4,4,4,4,4,4,2,3,3,1,3,4,4,,2,1,1,1,1,1,1,1,1,1,1,4,4,52,Valladolid,española,4,enfermera
2,1,3,2,6,5,5,3,2.8,2,1,2,5,2,5,5,2,5,5,5,5,5,5,3,2,4,2,4,3,1,3,3,3,3,3,2,1,1,1,1,1,1,1,1,1,4,1,29,Huesca,española,4,psicologa
2,1,3,2,6,6,4.33333333333333,2.33333333333333,3,2,1,1,4,1,6,6,3,5,4,4,4,4,5,2,3,2,2,2,3,1,3,4,4,4,2,1,1,1,1,1,1,1,1,1,1,4,2,63,ACoruña,Española,1,limpieza
1,1,3,2,6,6,5,4.16666666666667,3,2,1,1,3,1,6,6,4,5,5,5,5,5,5,5,4,5,3,4,4,2,2,3,3,3,3,3,1,1,1,1,1,1,1,1,1,,1,40,Huesca,española,4,celador
1,1,3,1,3,4,4.66666666666667,3.33333333333333,3.6,2,1,2,5,2,5,5,2,5,4,5,5,4,5,3,4,4,3,3,3,2,2,4,3,4,4,3,1,1,1,1,1,1,1,1,1,4,1,44,LasPalmas,española,4,administracion
2,1,3,2,5,5,4,3.16666666666667,3.8,2,1,2,4,2,5,5,3,4,4,4,4,4,4,3,3,4,3,3,3,2,2,4,4,4,4,3,1,1,1,1,1,1,1,1,1,,1,28,Zaragoza,Española,2,Cocinera
1,1,3,2,4,5,5,3.83333333333333,3.8,2,1,1,5,2,6,5,2,5,5,5,5,5,5,4,5,5,3,3,3,2,2,4,3,5,5,2,1,1,1,1,1,1,1,1,1,4,4,52,Salamanca,española,4,funcionario
1,1,3,2,5,4,5.5,3.5,2.8,2.5,1,1,6,2,6,5,1,5,6,5,5,6,6,4,4,5,3,3,2,1,4,4,2,3,4,1,1,1,1,1,1,1,1,1,1,3,2,50,Porfavorseleccionaprovincia,español,4,funcionario
2,1,3,2,4,3,3.66666666666667,3,3.2,2.5,1,3,5,3,4,4,2,3,4,4,4,3,4,3,3,3,2,3,4,2,3,3,3,4,4,2,1,1,1,1,1,1,1,1,1,4,2,62,Avila,espalola,4,funcionaria
1,1,3,1,5,5,3.5,3.5,4.8,2.5,1,2,5,2,5,5,2,3,4,3,3,4,4,4,3,3,3,4,4,3,2,5,4,6,6,3,1,1,1,1,1,1,1,1,1,4,1,,Española,23,1,
2,1,3,2,5,5,3.83333333333333,4.16666666666667,3,3,1,2,4,2,5,5,3,3,4,4,4,4,4,5,4,3,4,5,4,1,5,1,1,5,4,4,1,1,1,1,1,1,1,1,1,5,2,47,Zamora,47,4,Empresaria
2,1,3,1,6,5,4.83333333333333,3,3.2,3,1,3,6,1,4,6,1,5,3,5,6,5,5,3,3,3,3,3,3,3,3,4,1,4,4,3,1,1,1,1,1,1,1,1,1,3,2,,Español,54,1,1
1,1,3,2,5,5,4.33333333333333,3,3.5,3,1,2,6,3,5,4,1,4,3,5,5,4,5,3,3,3,3,3,3,1,5,,4,4,3,3,1,1,1,1,1,1,1,1,1,4,2,48,Córdoba,Españaola,3,funcionario
1,1,3,2,5,6,5,4.33333333333333,4,3,1,1,6,1,6,6,1,5,5,5,5,5,5,4,5,5,3,4,5,3,,4,3,5,5,3,1,1,1,1,1,1,1,1,1,5,1,23,Salamanca,española,3,relacionespúblicas
1,1,3,2,5,4,4,2.5,3,3.5,1,1,5,2,6,5,2,5,4,3,5,3,4,2,3,3,2,2,3,3,4,4,4,3,2,2,1,1,1,1,1,1,1,1,1,2,1,33,Zamora,ESPAÑOLA,4,VETERINARIO
1,1,3,2,4,4,4,1.33333333333333,1.2,1,1.14285714285714,2,4,3,5,4,3,4,4,4,4,4,4,1,2,2,1,1,1,1,1,1,1,2,1,1,1,1,1,1,1,1,2,1,2,1,2,44,Huesca,española,2,mecanico
2,1,3,2,6,6,4,3.83333333333333,3,1,1.14285714285714,1,5,1,6,6,2,4,4,4,4,4,4,5,5,5,2,2,4,1,1,3,3,3,3,3,1,1,1,1,1,1,2,1,1,4,0,30,Huesca,española,4,
2,1,3,2,3,3,3.66666666666667,2.83333333333333,3.6,1,1.14285714285714,3,5,2,4,5,2,3,4,3,4,3,5,2,3,3,3,2,4,1,1,4,4,5,2,3,1,1,1,1,1,1,2,1,1,3,2,47,Zamora,Española,2,camarero
1,1,3,2,3,5,4.5,2.83333333333333,3.6,1.5,1.14285714285714,1,5,2,6,5,2,4,5,5,5,5,3,3,2,4,2,2,4,1,2,4,3,5,4,2,1,1,1,1,1,1,2,1,1,4,1,25,Salamanca,Española,4,Enfermero
2,1,3,2,6,6,6,4.33333333333333,4.8,2.5,1.14285714285714,1,4,1,6,6,3,6,6,6,6,6,6,4,4,6,3,4,5,2,3,5,5,5,5,4,1,1,1,1,1,1,2,1,2,5,2,35,Huesca,española,3,
2,1,3,1,5,4,4.16666666666667,3.16666666666667,4.2,3,1.14285714285714,1,4,2,6,5,3,4,4,4,3,5,5,3,5,4,2,2,3,3,3,6,4,5,4,2,1,1,1,1,1,1,2,1,1,3,2,34,Murcia,española,3,auxiliaradministrativa
2,1,3,2,6,5,5.33333333333333,3.66666666666667,3.8,4,1.14285714285714,1,5,1,6,6,2,5,6,5,6,5,5,3,3,4,4,4,4,4,4,4,4,4,4,3,1,1,1,1,1,1,2,1,1,4,1,28,Baleares,ESPAÑOLA,4,AZAFATA
2,1,3,1,3,2,3.16666666666667,2.66666666666667,1.8,1,1.28571428571429,3,3,4,4,3,4,3,3,3,3,3,4,2,4,3,2,2,3,1,1,2,2,2,2,1,1,1,1,2,1,1,2,2,1,1,1,30,Murcia,española,2,higienistadental
2,1,3,2,3,3,2.83333333333333,1.5,1.8,1.5,1.28571428571429,4,5,4,3,3,2,3,3,3,3,2,3,2,2,2,1,1,1,1,2,2,2,2,2,1,1,1,1,1,2,1,2,2,1,2,1,28,Avila,española,3,administrativa
1,1,3,2,4,4,4,2,1.4,2,1.28571428571429,3,5,2,4,5,2,4,4,4,4,4,4,3,2,2,2,2,1,2,2,2,1,2,1,1,1,1,2,2,1,1,1,1,1,1,1,24,Murcia,Española,3,Meteorólogo
1,1,3,2,4,3,4.5,3.66666666666667,3.2,2,1.28571428571429,2,5,2,5,5,2,4,5,5,5,3,5,3,5,4,3,3,4,2,2,3,3,4,4,2,1,1,1,1,1,1,3,3,2,4,2,35,Avila,española,3,empresario
2,1,3,2,5,5,5,4.16666666666667,4,2.5,1.28571428571429,1,6,2,6,5,1,5,5,5,5,5,5,3,5,5,3,4,5,2,3,5,3,5,5,2,1,1,1,1,1,1,3,1,1,4,1,22,Salamanca,española,3,
2,1,3,2,1,1,2,2,1.2,1,1.42857142857143,5,6,4,2,3,1,2,2,2,1,2,3,2,2,3,2,2,1,,1,1,1,2,1,1,1,1,1,2,1,2,2,2,1,1,1,53,Zamora,española,4,asistentesocial-constructora
1,1,3,2,4,2,3.66666666666667,2.5,1.2,1,1.42857142857143,2,4,3,5,4,3,3,4,4,4,3,4,3,2,2,3,3,2,1,1,1,1,2,1,1,1,1,1,2,2,1,2,1,2,1,2,48,Huesca,española,1,cartero
2,1,3,2,4,3,3,2.33333333333333,2.2,2.5,1.42857142857143,4,4,3,3,4,3,4,3,3,3,2,3,2,2,2,2,3,3,3,2,3,2,2,3,1,1,1,1,2,2,1,2,1,1,3,1,24,Salamanca,española,3,
1,1,3,2,3,1,1.66666666666667,1,1.4,1,1.57142857142857,3,4,6,4,1,3,3,3,1,1,1,1,1,1,1,1,1,1,1,1,1,1,3,1,1,3,1,3,1,1,1,1,1,4,1,2,34,LasPalmas,Española,3,Asesorlaboral
1,1,3,2,3,1,1.66666666666667,1,1.4,1,1.57142857142857,3,4,6,4,1,3,3,3,1,1,1,1,1,1,1,1,1,1,1,1,1,1,3,1,1,3,1,3,1,1,1,1,1,4,1,2,34,LasPalmas,Española,3,Asesorlaboral
1,1,3,2,3,3,3.33333333333333,2.33333333333333,2.4,1,1.57142857142857,3,5,4,4,3,2,3,3,3,3,4,4,4,2,2,1,3,2,1,1,3,2,3,2,2,2,1,1,2,2,1,2,1,1,2,2,39,ACoruña,Española,2,Soldador
1,1,3,2,5,5,4.16666666666667,3,2.8,2,1.57142857142857,1,4,2,6,5,3,4,4,4,5,4,4,2,4,4,3,3,2,2,2,4,2,3,3,2,1,2,2,2,2,1,1,2,,2,1,28,Madrid,España,3,camarero.azafato.promotor
2,1,3,2,4,6,4.66666666666667,1,1.4,1,1.71428571428571,1,6,1,6,6,1,4,4,5,6,3,6,1,1,1,1,1,1,1,1,2,1,2,1,1,3,2,1,2,2,1,1,1,1,1,1,47,Baleares,ESPAÑOLA,4,ADMINISTRATIVO
1,1,3,2,5,3,3.5,2,1.4,1,1.71428571428571,4,5,4,3,3,2,4,4,3,4,3,3,2,2,2,2,2,2,1,1,1,1,2,1,2,1,1,1,2,3,1,3,3,3,2,2,49,Baleares,ESPAÑOLA,3,ORDENANZA
2,1,3,2,5,5,4.16666666666667,3,4,1.5,2,3,5,4,4,3,2,4,4,4,5,4,4,3,3,3,3,3,3,1,2,4,4,4,5,3,2,2,2,2,2,2,2,2,2,4,1,23,Córdoba,ESPAÑOLA,4,
2,1,3,1,3,5,3,3,3.8,2,2,4,4,4,3,3,3,3,3,3,3,3,3,3,3,3,3,3,3,2,2,3,5,4,5,2,2,2,2,2,3,1,2,1,1,2,2,40,Cádiz,ESPAÑOLA,2,AUXILIARGERIATRICA
2,1,3,2,2,2,2,2,1,1,2.14285714285714,5,4,3,2,4,3,2,3,2,1,2,2,2,2,2,2,2,2,1,1,1,1,1,1,1,3,1,1,3,3,1,3,3,1,1,4,64,Madrid,española,4,MarketingPublicidad
2,1,3,2,5,5,5,2.16666666666667,2.8,4,2.42857142857143,1,5,2,6,5,2,5,5,5,5,5,5,2,2,3,2,2,2,4,4,3,2,3,4,2,3,2,2,2,3,2,3,2,,1,2,47,Baleares,ESPAÑOLA,3,
1,1,3,2,5,4,4,3,2.4,1.5,2.71428571428571,5,4,3,2,4,3,3,4,3,5,5,4,6,2,2,2,5,1,2,1,3,3,3,2,1,4,4,3,3,3,1,1,1,1,1,1,27,Valladolid,Española,5,
1,1,3,2,5,5,5.33333333333333,3.66666666666667,3.6,3.5,2.71428571428571,2,4,2,5,5,3,5,6,6,5,5,5,3,4,6,3,4,2,3,4,5,3,4,3,3,2,1,3,4,4,1,4,2,1,1,2,55,Valladolid,española,3,informatico
1,1,3,2,5,5,5.33333333333333,3.66666666666667,3.6,3.5,2.71428571428571,2,4,2,5,5,3,5,6,6,5,5,5,3,4,6,3,4,2,3,4,5,3,4,3,3,2,1,3,4,4,1,4,2,1,1,2,55,Valladolid,española,3,informatico
1,1,3,2,6,6,6,4.16666666666667,5.8,1,2.85714285714286,1,3,1,6,6,4,6,6,6,6,6,6,4,6,6,4,4,1,1,1,6,6,6,6,5,3,3,4,4,2,2,2,1,1,3,1,55,LasPalmas,Española,3,ProfesordeDanzaClásica/Bailarín
2,1,3,2,2,3,3.5,2,1.2,1,3.14285714285714,2,4,3,5,4,3,4,4,4,2,3,4,2,1,3,2,3,1,1,1,1,1,2,1,1,6,3,1,3,3,1,5,5,5,1,2,50,Huesca,española,2,hosteleria
2,1,3,1,5,5,2.66666666666667,1.83333333333333,1,1,3.85714285714286,2,4,5,5,2,3,2,3,2,2,4,3,2,2,2,2,2,1,1,1,1,1,1,1,1,4,4,4,4,4,4,3,3,3,2,0,44,Madrid,ESPAÑOLA,4,ABOGADA
2,1,3,2,4,3,4,2.66666666666667,3.4,3.5,4.42857142857143,2,5,4,5,3,2,2,3,5,5,3,6,2,4,4,2,2,2,2,5,3,5,4,3,2,2,6,5,5,5,6,2,2,2,6,2,38,LasPalmas,Española,3,Administración
2,2,4,2,1,1,1,1,1,1,1,6,6,6,1,1,1,1,1,1,1,1,1,1,1,1,1,1,1,1,1,1,1,1,1,1,1,1,1,1,1,1,1,1,1,,3,99,Alava,Bangladesh,1,
1,2,4,2,1,1,1.33333333333333,1,1,1,1,6,1,6,1,1,6,1,2,2,1,1,1,,1,,,,,1,1,1,1,1,1,1,1,1,1,1,1,1,1,1,1,1,2,55,Madrid,española,4,economista
1,2,4,2,5,4,3,3,1,1,1,3,4,3,4,4,3,3,3,3,3,3,3,3,3,3,3,3,3,1,1,1,1,1,1,1,1,1,1,1,1,1,1,1,1,1,2,42,Madrid,Española,4,Telecomunicaciones
1,2,4,2,4,5,3.83333333333333,3,1,1,1,1,4,3,6,4,3,4,4,3,3,5,4,3,3,3,3,3,3,1,1,1,1,1,1,1,1,1,1,1,1,1,1,1,1,1,2,42,Madrid,ESP,3,
1,2,4,2,4,3,3.16666666666667,3.33333333333333,1,1,1,4,5,3,3,4,2,3,4,3,3,3,3,3,5,3,3,3,3,1,1,1,1,1,1,1,1,1,1,1,1,1,1,1,1,1,2,69,Madrid,ESPAÑOLA,1,AGENTEDESEGUROS
1,2,4,2,5,5,4,2,1.4,1,1,1,5,1,6,6,2,4,4,5,5,3,3,1,2,3,1,2,3,1,1,1,1,2,1,2,1,1,1,1,1,1,1,1,1,1,2,37,Madrid,Española,2,Empresario
1,2,4,2,4,5,3,3,1.4,1,1,2,4,3,5,4,3,3,3,3,3,3,3,3,3,3,3,3,3,1,1,2,1,2,1,1,1,1,1,1,1,1,1,1,1,2,2,44,Cáceres,Española,4,Informatico
2,2,4,2,5,4,4.16666666666667,3,1.4,1,1,2,5,3,5,4,2,5,4,4,5,3,4,3,3,3,3,3,3,1,1,1,1,3,1,1,1,1,1,1,1,1,1,1,1,1,1,23,Madrid,española,5,tecnicolaboratorio
1,2,4,1,2,5,3.33333333333333,2,1.6,1,1,4,6,6,3,1,1,3,5,3,2,4,3,2,2,2,2,2,2,1,1,1,1,4,1,1,1,1,1,1,1,1,1,1,1,1,2,46,Madrid,Española,4,Administrativo
2,2,4,2,6,5,3.66666666666667,2,1.6,1,1,2,1,1,5,6,6,4,3,3,5,3,4,2,2,2,2,2,2,1,1,2,1,3,1,1,1,1,1,1,1,1,1,1,1,1,2,26,Madrid,española,3,dependienta
1,2,4,2,4,4,4.83333333333333,2,1.6,1,1,2,3,3,5,4,4,5,4,5,5,5,5,1,4,2,2,2,1,1,1,2,1,2,2,1,1,1,1,1,1,1,1,1,1,1,2,53,Barcelona,Española,4,informatico
1,2,4,2,6,5,5,2.16666666666667,1.6,1,1,2,5,1,5,6,2,5,4,6,5,5,5,2,3,3,1,2,2,1,1,2,1,2,2,1,1,1,1,1,1,1,1,1,1,2,2,32,Alicante,ESPAÑOLA,2,OPERARIODEMÁQUINA
2,2,4,2,3,4,2.66666666666667,3.16666666666667,1.6,1,1,3,4,4,4,3,3,2,3,2,3,3,3,3,4,3,3,3,3,1,1,2,1,3,1,1,1,1,1,1,1,1,1,1,1,1,1,35,Madrid,ESPAÑOLA,4,ADMINISTRATIVO/COMERCIAL
1,2,4,2,5,5,4,3.5,1.6,1,1,2,3,2,5,5,4,4,4,4,4,4,4,4,3,4,3,4,3,1,1,2,1,3,1,1,1,1,1,1,1,1,1,1,1,2,4,53,Barcelona,Española,4,informatico
1,2,4,2,5,5,4,3.5,1.6,1,1,2,3,2,5,5,4,4,4,4,4,4,4,4,3,4,3,4,3,1,1,2,1,3,1,1,1,1,1,1,1,1,1,1,1,2,4,53,Barcelona,Española,4,informatico
2,2,4,2,6,5,4.66666666666667,2.83333333333333,1.8,1,1,2,3,1,5,6,4,4,6,4,5,4,5,3,4,2,3,3,2,1,1,2,1,3,2,1,1,1,1,1,1,1,1,1,1,2,1,36,Madrid,Española,3,
1,2,4,2,2,4,3.66666666666667,3,1.8,1,1,2,5,2,5,5,2,4,4,3,3,4,4,4,2,4,2,4,2,1,1,2,2,2,2,1,1,1,1,1,1,1,1,1,1,1,2,37,Madrid,Española,4,IngenierodeCaminos
1,2,4,2,5,5,5.5,2.33333333333333,2,1,1,2,5,1,5,6,2,6,4,6,6,6,5,1,3,4,1,2,3,1,1,3,1,3,2,1,1,1,1,1,1,1,1,1,1,2,1,24,Alicante,ESPAÑOLA,2,PELUQUERO
1,2,4,2,5,5,4,2.66666666666667,2,1,1,2,5,2,5,5,2,4,4,4,4,4,4,2,4,4,2,2,2,1,1,2,1,3,3,1,1,1,1,1,1,1,1,1,1,1,1,35,Cuenca,ESPAÑOLA,4,
1,2,4,2,5,6,5.16666666666667,2.83333333333333,2,1,1,1,4,2,6,5,3,6,4,5,5,6,5,2,4,4,2,2,3,1,1,3,1,2,2,2,1,1,1,1,1,1,1,1,1,2,1,26,Alicante,ESPAÑOLA,1,DEPENDIENTEDEMERCADONA
2,2,4,2,4,6,5.16666666666667,3.16666666666667,2,1,1,2,6,2,5,5,1,5,6,5,5,5,5,3,3,5,2,3,3,1,1,3,3,2,1,1,1,1,1,1,1,1,1,1,1,2,2,43,Almería,española,3,dependienta
2,2,4,2,5,5,4.33333333333333,3.5,2,1,1,2,5,3,5,4,2,4,4,4,4,5,5,4,4,3,3,3,4,1,1,3,1,3,2,1,1,1,1,1,1,1,1,1,1,2,2,40,Barcelona,Española,4,Documentalistaytraductora
2,2,4,2,5,4,4.16666666666667,3.83333333333333,2,1,1,2,4,4,5,3,3,5,4,5,4,3,4,6,3,5,3,5,1,1,1,2,3,2,2,1,1,1,1,1,1,1,1,1,1,3,2,53,Madrid,española,3,administrativo
2,2,4,2,5,5,3,2.4,2.2,1,1,2,4,2,5,5,3,3,3,3,3,3,3,2,3,,2,2,3,1,1,2,2,3,2,2,1,1,1,1,,,1,1,1,2,4,45,Cuenca,ESPAÑOLA,2,gerocultra
2,2,4,2,5,5,3,2.4,2.2,1,1,2,4,2,5,5,3,3,3,3,3,3,3,2,3,,2,2,3,1,1,2,2,3,2,2,1,1,1,1,,,1,1,1,2,4,45,Cuenca,ESPAÑOLA,2,gerocultra
1,2,4,2,5,5,3.66666666666667,2.5,2.2,1,1,1,3,2,6,5,4,4,3,4,4,3,4,2,3,3,2,2,3,1,1,3,1,3,3,1,1,1,1,1,1,1,1,1,2,2,2,49,Almería,española,3,administrativo
1,2,4,2,4,5,4.83333333333333,2.83333333333333,2.2,1,1,2,5,2,5,5,2,5,4,5,5,5,5,2,4,4,2,2,3,1,1,3,1,3,2,2,1,1,1,1,1,1,1,1,1,2,2,38,Alicante,ESPAÑOLA,1,CAMARERO
2,2,4,2,3,3,5.16666666666667,3.16666666666667,2.2,1,1,1,2,2,6,5,5,5,6,5,5,5,5,6,3,2,3,3,2,1,1,4,1,4,1,1,1,1,1,1,1,1,1,1,1,3,2,39,Madrid,española,6,docente
1,2,4,2,6,6,4.66666666666667,2.83333333333333,2.4,1,1,2,5,2,5,5,2,5,4,5,5,4,5,3,4,3,2,3,2,1,1,3,2,3,2,2,1,1,1,1,1,1,1,1,1,2,2,46,Almería,Española,1,encargadodeobra
2,2,4,2,5,5,4.66666666666667,3.66666666666667,2.4,1,1,4,4,3,3,4,3,5,5,4,4,5,5,4,4,4,3,3,4,1,1,3,1,4,2,2,1,1,1,1,1,1,1,1,1,2,2,35,Alicante,ESPAÑOLA,3,COMERCIAL
2,2,4,2,4,5,3.33333333333333,2.33333333333333,2.6,1,1,2,3,2,5,5,4,4,4,3,3,3,3,2,3,2,2,2,3,1,1,3,1,3,3,3,1,1,1,1,1,1,1,1,1,3,2,36,Guipúzcoa,ESPAÑOLA,4,SECRETARIA
1,2,4,2,6,6,4.66666666666667,2.83333333333333,2.6,1,1,2,4,2,5,5,3,5,4,5,5,4,5,2,4,4,2,2,3,1,1,3,2,3,3,2,1,1,1,1,1,1,1,1,1,2,1,30,Alicante,ESPAÑOLA,1,CAMARERO
2,2,4,2,5,6,5.66666666666667,2.83333333333333,2.6,1,1,1,5,1,6,6,2,6,5,6,6,5,6,3,3,3,3,3,2,1,1,3,2,4,2,2,1,1,1,1,1,1,1,1,1,3,4,47,Almería,Española,3,comercio
2,2,4,2,5,4,4,3,2.6,1,1,2,5,3,5,4,2,4,4,4,4,4,4,2,5,4,2,2,3,1,1,3,1,4,4,1,1,1,1,1,1,1,1,1,1,1,1,24,Cuenca,,3,monitoradeocioytiempolibre
2,2,4,2,5,4,4,3,2.6,1,1,2,5,3,5,4,2,4,4,4,4,4,4,2,5,4,2,2,3,1,1,3,1,4,4,1,1,1,1,1,1,1,1,1,1,1,1,24,Cuenca,,3,monitoradeocioytiempolibre
1,2,4,2,5,5,5,3.83333333333333,2.6,1,1,2,4,2,5,5,3,5,5,5,5,5,5,4,4,5,4,3,3,1,1,4,4,3,1,1,1,1,1,1,1,1,1,1,1,3,2,52,Barcelona,Española,4,informatico
2,2,4,2,4,3,3.83333333333333,2.33333333333333,2.8,1,1,2,4,2,5,5,3,4,4,3,4,4,4,2,3,3,2,2,2,1,1,4,2,4,2,2,1,1,1,1,1,1,1,1,1,1,2,43,Madrid,Española,4,Cuentaajena
2,2,4,2,4,3,3.83333333333333,2.33333333333333,2.8,1,1,2,4,2,5,5,3,4,4,3,4,4,4,2,3,3,2,2,2,1,1,4,2,4,2,2,1,1,1,1,1,1,1,1,1,1,2,43,Madrid,Española,4,Cuentaajena
2,2,4,2,5,5,4,2.66666666666667,2.8,1,1,2,4,2,5,5,3,4,4,4,4,4,4,3,3,3,2,3,2,1,1,4,1,4,3,2,1,1,1,1,1,1,1,1,1,3,4,43,Barcelona,Española,4,Administrativa
1,2,4,2,4,4,3.66666666666667,3.5,2.8,1,1,1,4,2,6,5,3,4,3,3,4,3,5,3,5,4,3,3,3,1,1,3,2,3,3,3,1,1,1,1,1,1,1,1,1,3,1,24,Madrid,española,2,vendedor
2,2,4,2,5,4,3.83333333333333,3.66666666666667,2.8,1,1,3,4,4,4,3,3,4,3,5,4,4,3,3,5,3,3,4,4,1,1,2,2,3,3,4,1,1,1,1,1,1,1,1,1,3,2,41,Madrid,española,1,lavanderia
2,2,4,2,6,6,5,4.5,2.8,1,1,1,6,2,6,5,1,5,5,5,5,5,5,5,5,5,4,4,4,1,1,2,1,3,4,4,1,1,1,1,1,1,1,1,1,1,4,58,Madrid,española,3,administrativo
1,2,4,2,4,3,3,2.83333333333333,3,1,1,2,4,4,5,3,3,3,3,3,3,3,3,4,3,2,3,3,2,1,1,3,2,5,3,2,1,1,1,1,1,1,1,1,1,4,1,44,Madrid,ESPAÑOLA,4,PSÏCOLOGO
1,2,4,2,4,4,4.66666666666667,2.5,3.2,1,1,2,2,2,5,5,5,5,6,4,4,5,4,3,2,3,2,3,2,1,1,5,1,4,4,2,1,1,1,1,1,,1,1,2,3,1,30,Cuenca,Peruano,4,Médico
2,2,4,2,3,4,5,3.16666666666667,3.2,1,1,3,4,3,4,4,3,5,5,5,5,5,5,3,4,4,2,2,4,1,1,4,2,4,4,2,1,1,1,1,1,1,1,1,1,3,2,36,Porfavorseleccionaprovincia,ESPAÑOLA,1,DEPENDIENTA
2,2,4,2,5,5,5,3.33333333333333,3.2,1,1,2,4,2,5,5,3,5,5,5,5,5,5,3,3,5,3,3,3,1,1,4,4,4,3,1,1,1,1,1,1,1,1,1,1,4,2,48,Barcelona,Española,4,Enfermera
2,2,4,2,6,5,5,1.83333333333333,3.4,1,1,1,4,1,6,6,3,5,5,5,5,5,5,2,2,2,2,2,1,1,1,5,2,4,4,2,1,1,1,1,1,1,1,1,1,3,2,52,Barcelona,Española,3,Tecnica
2,2,4,2,6,6,5,3.33333333333333,3.4,1,1,1,6,1,6,6,1,5,5,5,5,5,5,2,5,4,3,3,3,1,1,4,2,6,3,2,1,1,1,1,1,1,1,1,1,3,2,47,Almería,española,3,empresaria
1,2,4,2,5,5,4.5,3.5,3.4,1,1,2,5,3,5,4,2,3,5,5,4,5,5,3,4,3,3,3,5,1,1,3,3,5,3,3,1,1,1,1,1,1,1,1,1,2,2,50,Madrid,española,3,administrativo
1,2,4,2,3,3,3,3.83333333333333,3.4,1,1,2,5,4,5,3,2,3,3,3,3,3,3,4,5,3,4,4,3,1,1,3,3,5,3,3,1,1,1,1,1,1,1,1,1,4,1,44,Madrid,ESPAÑOLA,4,PSÏCOLOGO
1,2,4,1,6,6,4,2.5,3.6,1,1,2,5,3,5,4,2,4,4,4,4,4,4,3,3,3,2,2,2,1,1,4,4,4,4,2,1,1,1,1,1,1,1,1,1,2,1,32,Madrid,ESPAÑOLA,3,TAXISTA
2,2,4,2,6,6,3.66666666666667,3.16666666666667,3.6,1,1,1,4,1,6,6,3,3,4,3,4,4,4,4,3,3,3,3,3,1,1,5,3,4,4,2,1,1,1,1,1,1,1,1,1,2,2,32,Porfavorseleccionaprovincia,Española,4,AnalistaInformatica
1,2,4,2,5,4,4.16666666666667,3.5,3.6,1,1,3,3,3,4,4,4,4,5,3,5,5,3,3,5,4,3,3,3,1,1,3,3,4,4,4,1,1,1,1,1,1,1,1,1,4,1,31,Cuenca,Española,0,Camarero
1,2,4,2,5,5,4,3.66666666666667,3.6,1,1,3,5,3,4,4,2,4,4,4,4,4,4,4,3,4,3,4,4,1,1,4,4,4,3,3,1,1,1,1,1,1,1,1,1,3,1,48,Cuenca,ESPAÑOLA,4,BANCA
2,2,4,2,5,5,5.33333333333333,3.83333333333333,3.6,1,1,2,5,1,5,6,2,5,5,5,5,6,6,4,4,5,3,3,4,1,1,5,2,4,5,2,1,1,1,1,1,1,1,1,1,5,2,41,Alicante,ESPAÑOLA,4,ADMINISTRATIVA
2,2,4,2,6,6,5,4.33333333333333,3.6,1,1,2,3,1,5,6,4,5,5,5,5,5,5,4,4,5,4,5,4,1,1,4,4,4,3,3,1,1,1,1,1,1,1,1,1,4,2,62,Madrid,española,3,administrativa
2,2,4,2,5,5,5,5,3.6,1,1,2,6,2,5,5,1,5,5,5,5,5,5,5,5,5,5,5,5,1,1,5,1,5,5,2,1,1,1,1,1,1,1,1,1,4,2,35,Madrid,ESPAÑOLA,4,FISICA
2,2,4,2,6,6,6,6,3.6,1,1,1,6,1,6,6,1,6,6,6,6,6,6,6,6,6,6,6,6,1,1,3,4,4,4,3,1,1,1,1,1,1,1,1,1,4,1,21,Zaragoza,ESPAÑOLA,3,AUXILIARDEDEPENDIENTA
2,2,4,2,5,5,5.5,2.83333333333333,3.8,1,1,2,4,2,5,5,3,6,5,6,5,5,6,3,3,4,2,2,3,1,1,5,2,4,5,3,1,1,1,1,1,1,1,1,1,4,2,27,Alicante,ESPAÑOLA,4,PROFESORADEINFANTIL
2,2,4,2,6,6,4.83333333333333,3.83333333333333,4,1,1,2,4,2,5,5,3,5,4,4,5,5,6,4,4,5,3,3,4,1,1,5,2,5,5,3,1,1,1,1,1,1,1,1,1,3,2,32,Alicante,ESPAÑOLA,2,COMERCIAL
2,2,4,2,6,4,4.16666666666667,4.16666666666667,4,1,1,3,6,3,4,4,1,4,4,4,5,4,4,4,5,4,4,4,4,1,1,4,3,4,5,4,1,1,1,1,1,1,1,1,1,2,3,43,Guipúzcoa,Española,4,Psicologa
2,2,4,2,6,6,5.66666666666667,4.83333333333333,4.2,1,1,1,4,1,6,6,3,6,6,5,6,5,6,5,5,5,5,5,4,1,1,6,4,4,5,2,1,1,1,1,1,1,1,1,1,4,1,39,Madrid,española,3,dependienta
1,2,4,2,3,4,5.83333333333333,3.66666666666667,4.4,1,1,1,5,2,6,5,2,6,6,6,6,5,6,3,4,5,3,3,4,1,1,6,5,5,4,2,1,1,1,1,1,1,1,1,1,2,4,47,Barcelona,Española,4,Maestro
1,2,4,2,3,4,5.83333333333333,3.66666666666667,4.4,1,1,1,5,2,6,5,2,6,6,6,6,5,6,3,4,5,3,3,4,1,1,6,5,5,4,2,1,1,1,1,1,1,1,1,1,2,4,47,Barcelona,Española,4,Maestro
1,2,4,2,3,4,5.83333333333333,3.66666666666667,4.4,1,1,1,5,2,6,5,2,6,6,6,6,5,6,3,4,5,3,3,4,1,1,6,5,5,4,2,1,1,1,1,1,1,1,1,1,2,0,47,Barcelona,Española,0,Maestro
2,2,4,2,5,5,3.8,3.5,4.6,1,1,1,5,2,6,5,2,5,4,3,4,3,,4,4,4,3,3,3,1,1,5,5,5,4,4,1,1,1,1,1,1,1,1,1,5,0,36,Cuenca,E,0,
2,2,4,2,5,5,3.8,3.5,4.6,1,1,1,5,2,6,5,2,5,4,3,4,3,,4,4,4,3,3,3,1,1,5,5,5,4,4,1,1,1,1,1,1,1,1,1,5,0,36,Cuenca,España,3,OrientadoraSocial
1,2,4,1,6,4,4.83333333333333,4,4.6,1,1,2,3,3,5,4,4,5,5,5,4,5,5,5,5,4,4,4,2,1,1,5,5,5,5,3,1,1,1,1,1,1,1,1,1,1,1,35,Madrid,española,4,administrativo
2,2,4,2,6,6,5,4,4.6,1,1,1,5,2,6,5,2,5,5,5,5,5,5,5,4,5,4,3,3,1,1,5,5,5,4,4,1,1,1,1,1,1,1,1,1,3,1,53,Barcelona,Española,4,Administrativa
2,2,4,2,6,6,5,4,4.6,1,1,1,5,2,6,5,2,5,5,5,5,5,5,5,4,5,4,3,3,1,1,5,5,5,4,4,1,1,1,1,1,1,1,1,1,3,1,53,Barcelona,Española,4,Administrativa
1,2,4,2,5,5,5.33333333333333,4.83333333333333,4.6,1,1,2,6,1,5,6,1,5,5,5,6,5,6,5,5,5,4,5,5,1,1,4,4,5,5,5,1,1,1,1,1,1,1,1,1,5,4,51,Almería,Española,1,Directorcomercial
2,2,4,2,6,5,5,4.83333333333333,5,1,1,1,4,2,6,5,3,5,5,5,5,5,5,5,5,5,5,5,4,1,1,5,5,5,5,5,1,1,1,1,1,1,1,1,1,4,2,35,Guipúzcoa,Española,4,ControldeGestion
1,2,4,2,6,6,5,5,5,1,1,1,6,1,6,6,1,5,5,5,5,5,5,5,5,5,5,5,5,1,1,5,5,5,5,5,1,1,1,1,1,1,1,1,1,5,4,42,Zaragoza,ESPAÑOLA,4,PROFESOR
1,2,4,2,5,5,4.83333333333333,4.66666666666667,5.2,1,1,2,4,1,5,6,3,4,5,5,5,5,5,4,6,6,3,4,5,1,1,5,5,6,5,5,1,1,1,1,1,1,1,1,1,5,1,24,Madrid,Española,2,Higienistadental
1,2,4,2,6,6,3.66666666666667,4.5,5.4,1,1,1,6,1,6,6,1,4,4,3,3,4,4,3,4,6,4,4,6,1,1,6,6,6,6,3,1,1,1,1,1,1,1,1,1,4,2,37,Jaén,española,4,Topografo
2,2,4,2,6,6,6,5.83333333333333,5.8,1,1,1,5,1,6,6,2,6,6,6,6,6,6,6,6,6,6,6,5,1,1,6,5,6,6,6,1,1,1,1,1,1,1,1,1,6,2,34,Porfavorseleccionaprovincia,ESPAÑOLA,4,
2,2,4,2,5,4,3.66666666666667,3,2,1.5,1,3,6,3,4,4,1,3,4,3,4,4,4,3,3,3,3,3,3,1,2,3,1,3,2,1,1,1,1,1,1,1,1,1,1,2,2,35,Porfavorseleccionaprovincia,ESPAÑOLA,4,FUNCIONARIA
1,2,4,2,,6,3.33333333333333,2.16666666666667,2.4,1.5,1,1,4,2,6,5,3,3,2,2,5,3,5,1,2,5,2,1,2,1,2,4,1,5,1,1,1,1,1,1,1,1,1,1,1,2,2,37,Madrid,española,3,funcionario
1,2,4,2,6,6,3.33333333333333,2.16666666666667,2.4,1.5,1,1,4,2,6,5,3,3,2,2,5,3,5,1,2,5,2,1,2,1,2,4,1,5,1,1,1,1,1,1,1,1,1,1,1,2,2,37,Madrid,española,3,funcionario
2,2,4,2,5,5,5,2.5,2.8,1.5,1,2,5,2,5,5,2,5,5,5,5,5,5,2,3,3,2,2,3,2,1,3,3,3,3,2,1,1,1,1,1,1,1,1,1,2,1,40,Madrid,española,4,administrativo
1,2,4,2,5,5,4.83333333333333,3.33333333333333,3.2,1.5,1,1,4,2,6,5,3,4,5,5,5,5,5,3,4,4,3,3,3,1,2,4,1,5,3,3,1,1,1,1,1,1,1,1,1,3,2,37,Alava,española,1,tecnico
1,2,4,2,5,5,3.5,3.33333333333333,3.4,1.5,1,3,5,3,4,4,2,4,3,3,4,4,3,3,3,4,3,4,3,1,2,4,3,4,3,3,1,1,1,1,1,1,1,1,1,4,2,42,Barcelona,Española,2,Funcionario
2,2,4,2,6,5,4.66666666666667,3.5,3.6,1.5,1,1,5,2,6,5,2,5,5,4,5,4,5,3,4,5,3,3,3,1,2,5,3,3,5,2,1,1,1,1,1,1,1,1,1,3,1,36,Cuenca,España,4,gestora
2,2,4,2,6,6,5.33333333333333,5,3.6,1.5,1,1,6,1,6,6,1,6,5,5,5,6,5,5,5,5,5,5,5,1,2,5,3,5,3,2,1,1,1,1,1,1,1,1,3,3,2,39,Madrid,española,3,vendedora
1,2,4,1,6,4,3.66666666666667,2.83333333333333,4.2,1.5,1,2,6,3,5,4,1,4,4,4,3,4,3,4,4,2,2,3,2,1,2,5,4,6,5,1,1,1,1,1,1,1,1,1,1,4,2,36,LasPalmas,Española,4,trabajadorsocial
1,2,4,2,6,5,5.66666666666667,5.33333333333333,4.6,1.5,1,1,5,1,6,6,2,6,6,5,5,6,6,5,5,6,5,6,5,2,1,5,3,4,6,5,1,1,1,1,1,1,1,1,1,6,2,33,Zaragoza,ESPAÑOLA,4,PROFESOR
2,2,4,2,6,6,6,6,4.8,1.5,1,1,6,1,6,6,1,6,6,6,6,6,6,6,6,6,6,6,6,1,2,5,4,5,6,4,1,1,1,1,1,1,1,1,1,5,1,28,Zaragoza,ESPAÑOLA,3,DEPENDIENTA
1,2,4,2,5,5,5,2.16666666666667,2.4,2,1,1,5,1,6,6,2,6,5,5,5,4,5,2,2,3,2,2,2,2,2,3,1,4,3,1,1,1,1,1,1,1,1,1,1,2,1,46,Madrid,español,2,transportista
1,2,4,2,5,3,4.16666666666667,2.66666666666667,2.4,2,1,1,5,2,6,5,2,4,4,4,4,4,5,3,3,3,2,3,2,2,2,3,1,4,2,2,1,1,1,1,1,1,1,1,1,2,0,52,Guipúzcoa,española,2,operario
2,2,4,2,5,5,3.16666666666667,2.83333333333333,2.4,2,1,2,5,3,5,4,2,3,3,3,3,4,3,3,4,3,2,2,3,2,2,4,1,3,3,1,1,1,1,1,1,1,1,1,1,2,1,25,Almería,española,2,auxiliardedependienta
1,2,4,2,5,5,4.66666666666667,4,3,2,1,2,2,2,5,5,5,5,4,5,5,4,5,,,4,,,,2,2,5,,3,3,1,1,1,1,1,1,1,1,1,1,4,2,55,Madrid,española,3,
2,2,4,2,3,4,4.66666666666667,2.66666666666667,3.6,2,1,5,5,3,2,4,2,5,4,4,5,5,5,3,3,3,2,3,2,2,2,4,4,4,3,3,1,1,1,1,1,1,1,2,1,3,2,42,Cáceres,española,4,veterinaria
1,2,4,2,6,6,6,5.16666666666667,4.4,2,1,2,5,1,5,6,2,6,6,6,6,6,6,5,6,5,5,5,5,2,2,5,4,4,5,4,1,1,1,1,1,1,1,1,1,5,1,30,Zaragoza,ESPAÑOLA,4,
1,2,4,2,6,5,6,4.16666666666667,4.6,2,1,1,5,2,6,5,2,6,6,6,6,6,6,4,4,5,4,4,4,2,2,4,5,5,5,4,1,1,1,1,1,1,1,1,2,5,2,,ESPAÑOLA,39,1,1
2,2,4,2,6,6,6,6,5.8,2,1,2,6,1,5,6,1,6,6,6,6,6,6,6,6,6,6,6,6,2,2,6,5,6,6,6,1,1,1,1,1,1,1,1,1,6,1,24,Zaragoza,ESPAÑOLA,3,DEPENDIENTA
2,2,4,2,6,6,6,6,6,2,1,1,6,1,6,6,1,6,6,6,6,6,6,6,6,6,6,6,6,2,2,6,6,6,6,6,1,1,1,1,1,1,1,1,1,6,2,63,Zaragoza,ESPAÑOLA,2,DEPENDIENTA
1,2,4,2,6,6,5.33333333333333,4,3.6,2.5,1,1,4,2,6,5,3,6,6,5,5,5,5,4,4,5,4,4,3,2,3,4,3,4,3,4,1,1,1,1,1,1,1,1,1,4,1,44,Zaragoza,ESPAÑOLA,4,PROFESOR
1,2,4,2,6,5,5,2,2.6,3,1,1,6,3,6,4,1,5,5,5,5,5,5,1,3,5,1,1,1,3,3,3,1,3,3,3,1,1,1,1,1,1,1,1,1,2,2,44,Madrid,española,1,dependiente
1,2,4,2,4,5,4.66666666666667,3.5,4.6,3,1,2,4,2,5,5,3,5,5,4,5,4,5,3,4,4,4,3,3,4,2,5,5,5,5,3,1,1,1,1,1,1,1,1,1,3,1,27,Almería,Española,1,jerenteA
2,2,4,2,5,6,4.16666666666667,2,4.4,4,1,2,6,4,5,3,1,4,3,5,4,3,6,2,2,2,2,2,2,4,4,6,3,6,6,1,1,1,1,1,1,1,1,1,1,2,1,34,Madrid,Española,4,f
2,2,4,2,5,6,4.16666666666667,2,4.4,4,1,2,6,4,5,3,1,4,3,5,4,3,6,2,2,2,2,2,2,4,4,6,3,6,6,1,1,1,1,1,1,1,1,1,1,2,1,34,Madrid,Española,4,Finanzas
2,2,4,2,4,4,2,4,2.4,1,1.14285714285714,2,2,3,5,4,5,2,2,2,2,2,2,4,4,4,4,4,4,1,1,3,3,3,2,1,1,1,1,1,1,1,2,1,1,3,2,42,Madrid,ESPAÑOLA,4,TÉCNICOECONÓMICO-ADMINISTRATIVO
1,2,4,2,6,5,3.5,3,2.6,1,1.14285714285714,2,5,2,5,5,2,3,3,3,4,4,4,3,3,3,3,3,3,1,1,3,2,3,3,2,1,1,1,2,1,1,1,1,1,2,2,53,Madrid,española,3,contable
2,2,4,2,6,5,5,3.33333333333333,3,1,1.14285714285714,1,5,2,6,5,2,5,5,5,5,5,5,3,4,5,2,3,3,1,1,4,3,4,2,2,2,1,1,1,1,1,1,1,1,2,2,37,Madrid,española,3,Tecsonido
1,2,4,2,5,5,4.33333333333333,4.33333333333333,4.4,1,1.14285714285714,1,4,1,6,6,3,4,5,5,4,3,5,3,6,5,4,4,4,1,1,4,4,5,5,4,1,1,2,1,1,1,1,1,1,4,1,25,Madrid,española,3,comercial
1,2,4,2,5,5,4.83333333333333,3.16666666666667,2.8,2,1.14285714285714,2,3,2,5,5,4,5,5,5,5,4,5,3,4,5,3,2,2,2,2,3,2,4,3,2,2,1,1,1,1,1,1,1,1,2,1,38,Madrid,española,4,funcionarioprisionesinterino
1,2,4,2,6,6,5.83333333333333,4.16666666666667,4.2,2,1.14285714285714,1,5,2,6,5,2,6,6,6,6,5,6,5,4,4,4,4,4,2,2,5,3,5,4,4,1,1,1,2,1,1,1,1,1,4,1,29,Zaragoza,ESPAÑOLA,2,
2,2,4,2,6,5,5.5,5.33333333333333,5.2,2,1.14285714285714,1,6,2,6,5,1,6,5,5,6,6,5,5,6,5,5,6,5,2,2,5,6,6,5,4,2,1,1,1,1,1,1,1,1,6,1,35,Guipúzcoa,Española,3,
1,2,4,2,6,5,5,5,4.2,3.5,1.14285714285714,4,4,2,3,5,3,5,5,5,5,5,5,5,5,5,5,5,5,5,2,5,3,6,5,2,1,1,1,1,2,1,1,1,1,5,2,43,Madrid,española,4,administrativo
2,2,4,2,5,6,5,3.33333333333333,1.8,1,1.28571428571429,1,6,2,6,5,1,5,5,5,5,5,5,3,3,5,3,3,3,1,1,1,2,1,3,2,3,1,1,1,1,1,1,1,1,3,1,41,Madrid,española,4,administrativo
1,2,4,2,6,4,6,2.83333333333333,2.6,1,1.28571428571429,1,4,3,6,4,3,6,6,6,6,6,6,2,3,6,2,2,2,1,1,3,2,4,3,1,1,1,2,2,1,1,1,2,3,1,1,39,Madrid,Española,4,Periodista
2,2,4,2,5,4,3.16666666666667,5.16666666666667,3,1,1.28571428571429,3,2,3,4,4,5,3,4,2,3,4,3,5,5,6,4,5,6,1,1,3,3,4,3,2,1,1,1,1,2,1,2,1,1,3,1,41,Madrid,ESPAÑOLA,3,SUPERVISORA
2,2,4,2,6,5,4,2.66666666666667,2.6,1.5,1.28571428571429,2,5,3,5,4,2,4,4,3,4,5,4,3,3,3,2,3,2,1,2,3,2,4,2,2,1,1,1,2,2,1,1,1,1,2,1,34,Madrid,ESPAÑOLA,4,FISIOTERAPEUTA
1,2,4,2,6,5,5,3.5,4.4,2.5,1.28571428571429,1,5,2,6,5,2,6,5,4,6,4,5,3,4,5,3,3,3,2,3,4,6,4,5,3,3,1,1,1,1,1,1,1,1,4,2,42,Madrid,española,2,mecanica
2,2,4,2,6,4,4.83333333333333,4.5,3.8,3.5,1.28571428571429,1,5,3,6,4,2,5,5,5,5,4,5,4,5,5,4,4,5,4,3,5,2,4,5,3,1,2,2,1,1,1,1,1,1,3,1,24,Almería,Española,4,dependienta
1,2,4,2,4,5,5,3.33333333333333,4,4.5,1.28571428571429,2,3,3,5,4,4,5,5,5,5,5,5,3,4,4,3,3,3,4,5,5,5,4,3,3,1,1,2,2,1,1,1,1,2,3,2,65,Guipúzcoa,español,3,maestro
1,2,4,2,6,6,5.66666666666667,5.16666666666667,4,1,1.42857142857143,1,5,3,6,4,2,5,6,5,6,6,6,5,5,5,5,5,6,1,1,4,4,4,6,2,3,1,1,1,1,1,2,1,1,4,1,26,Madrid,española,3,dependiente
2,2,4,2,6,4,3.83333333333333,1.66666666666667,2,2,1.57142857142857,2,4,3,5,4,3,4,4,4,4,3,4,2,2,2,1,2,1,2,2,3,1,3,2,1,2,1,1,2,2,1,2,1,1,1,1,30,Madrid,ESPAÑOLA,1,ADMINISTRATIVO
2,2,4,2,6,6,4.5,3.66666666666667,3.4,5,1.85714285714286,1,3,1,6,6,4,4,4,5,5,5,4,4,3,4,4,3,4,5,5,4,3,3,4,3,2,1,1,3,2,1,3,2,1,2,1,56,Valencia,española,1,auxiliaradministrativo
1,2,4,2,5,1,2.83333333333333,1,1,1,2,2,4,3,5,4,3,3,4,3,4,2,1,1,1,1,1,1,1,1,1,1,1,1,1,1,4,2,1,3,2,1,1,3,1,1,1,40,Madrid,española,4,
2,2,4,2,3,4,4.33333333333333,2.33333333333333,3.2,2,2,3,4,3,4,4,3,5,5,4,4,4,4,2,2,3,3,2,2,2,2,4,3,3,4,2,2,2,2,2,2,2,2,2,2,3,1,29,Madrid,español,4,dependienta
2,2,4,2,3,4,4.33333333333333,2.33333333333333,3.2,2,2,3,4,3,4,4,3,5,5,4,4,4,4,2,2,3,3,2,2,2,2,4,3,3,4,2,2,2,2,2,2,2,2,2,2,3,1,29,Madrid,español,4,dependienta
1,2,4,2,5,3,5.33333333333333,3,3,3,3,2,4,3,5,4,3,6,6,5,5,5,5,3,3,3,3,3,3,3,3,3,3,3,3,3,3,3,3,3,3,3,3,3,3,3,1,32,Guipúzcoa,española,3,
1,2,4,2,5,5,4.5,2,3.2,1.5,4.85714285714286,4,4,4,3,3,3,4,4,5,5,4,5,1,1,2,2,5,1,1,2,3,3,5,3,2,4,5,5,5,5,6,4,4,3,2,1,25,Almería,Española,4,Enfermero
2,2,4,2,5,5,3.5,2.5,2.2,4,5,4,4,4,3,3,3,3,5,2,3,5,3,4,2,1,3,4,1,4,4,4,4,1,1,1,5,5,5,5,5,5,5,1,1,4,1,42,Málaga,española,2,AUXILIARADMINISTRATIVA
